datetime,GISP2,EPICA Dome C CO2
-803719-10-17 10:22:57,,207.29
-803182-03-23 07:19:38,,202.23
-802573-12-30 00:58:49,,204.86
-802060-10-17 05:46:09,,207.5
-801975-05-20 01:52:17,,202.92
-801759-05-31 08:24:16,,202.65
-800922-07-28 12:13:25,,198.66
-799286-08-08 16:53:27,,198.68
-796731-05-10 20:43:30,,200.49
-795429-11-02 12:32:33,,197.91
-794902-01-24 22:11:49,,198.79
-793737-05-03 16:50:39,,204.62
-793172-03-16 01:30:14,,208.79
-791903-11-22 10:19:15,,218.39
-791569-04-07 05:19:27,,213.36
-790667-05-09 13:22:00,,214.45
-790081-11-16 09:52:22,,224.69
-789107-10-08 18:55:49,,230.55
-788689-03-30 10:47:15,,227.38
-788003-08-22 16:40:24,,235.49
-787544-08-10 21:45:39,,238.64
-786742-10-12 05:47:28,,257.02
-786529-05-30 16:33:38,,257.2
-785853-01-29 21:16:31,,266.0
-785405-02-20 07:20:43,,269.36
-784613-05-22 10:30:47,,264.35
-784239-01-17 20:06:46,,262.23
-783569-08-06 23:51:59,,259.66
-783084-07-26 12:05:09,,255.85
-782312-11-19 08:36:17,,260.92
-781248-02-12 19:43:01,,255.02
-780778-03-12 20:59:03,,257.44
-779937-12-18 19:12:01,,251.51
-779613-10-25 11:39:58,,257.21
-778769-03-16 02:29:56,,252.52
-778239-09-21 09:29:24,,254.43
-777417-02-03 09:07:31,,254.69
-777108-08-29 09:47:05,,254.93
-776283-11-07 14:49:30,,252.46
-775732-11-21 16:17:39,,247.3
-774833-12-10 16:15:57,,248.92
-774382-05-19 08:58:13,,245.32
-773588-08-17 23:45:48,,241.74
-773009-10-30 06:31:13,,238.39
-772094-07-02 08:29:14,,239.23
-771734-03-03 00:21:59,,237.78
-771300-10-26 12:53:14,,246.03
-771046-12-30 19:10:38,,243.85
-770788-09-04 09:48:43,,246.49
-770524-01-29 04:53:45,,243.89
-770225-05-18 04:39:29,,239.71
-769863-12-19 08:42:38,,234.24
-769569-04-22 12:13:44,,236.32
-769071-12-19 04:25:30,,229.56
-768649-06-27 01:49:27,,230.63
-767701-03-20 01:33:41,,225.87
-767111-04-02 13:43:43,,221.64
-766167-05-17 00:52:54,,223.82
-765797-06-23 04:11:17,,224.86
-764859-09-21 16:01:13,,230.62
-764238-02-17 13:55:17,,232.12
-763901-02-24 12:08:29,,229.41
-763637-12-29 05:59:44,,233.66
-763232-10-23 14:19:17,,222.93
-762727-09-30 23:49:19,,223.89
-761820-01-18 23:56:09,,219.95
-761152-10-29 16:12:03,,214.0
-760216-08-02 17:09:33,,214.69
-759914-02-19 12:00:00,,216.64
-758990-09-09 04:11:50,,222.71
-758566-07-27 00:54:52,,225.62
-758158-05-11 03:42:15,,225.37
-757928-05-31 18:35:25,,223.02
-757612-09-29 20:08:39,,226.94
-757186-12-08 09:53:20,,222.72
-756412-03-16 05:55:48,,218.35
-755835-03-05 00:55:28,,213.61
-754901-12-11 11:43:41,,209.45
-754616-06-14 13:07:10,,208.1
-753637-10-17 20:11:54,,203.3
-753164-01-16 11:16:45,,199.05
-751985-12-21 16:44:31,,203.9
-751539-07-20 07:35:46,,195.43
-750616-09-27 06:17:17,,197.5
-750024-10-01 07:06:23,,193.55
-749086-05-15 16:28:35,,191.3
-748756-03-06 05:11:11,,192.08
-747864-06-09 05:17:21,,190.17
-747313-09-08 23:34:45,,188.68
-746387-09-26 12:29:43,,187.54
-745990-06-01 19:06:19,,187.95
-745227-07-30 00:46:46,,187.92
-744670-09-08 02:43:55,,190.24
-743721-07-26 03:09:14,,187.29
-742573-06-23 07:17:30,,188.97
-742009-07-14 19:38:35,,188.18
-741112-06-10 04:46:31,,187.33
-740695-11-11 14:20:31,,188.65
-739924-06-24 12:58:46,,189.14
-739380-09-17 07:15:49,,184.77
-738511-09-09 11:14:42,,183.39
-738156-02-28 20:53:52,,185.4
-737224-01-19 10:09:39,,185.61
-736631-08-14 05:38:50,,191.74
-735710-06-27 19:39:12,,204.52
-735320-10-14 20:22:40,,206.92
-734572-05-21 22:00:18,,213.14
-734157-04-19 13:22:54,,217.19
-733460-09-11 11:12:29,,217.88
-733184-01-14 06:05:47,,214.66
-732513-12-26 17:59:16,,216.15
-732072-05-17 18:16:26,,210.6
-731379-08-09 14:39:39,,207.72
-731043-02-07 08:50:43,,208.11
-730372-11-07 19:34:27,,213.73
-729911-08-08 03:48:30,,211.62
-729234-05-17 02:55:01,,210.7
-728958-04-17 17:58:36,,210.16
-728310-04-16 16:39:08,,212.17
-727887-08-30 06:48:18,,210.01
-727037-01-26 15:49:50,,211.08
-726644-09-12 22:42:41,,210.24
-725948-02-06 08:54:44,,210.07
-724627-09-27 01:42:09,,211.43
-724299-01-03 21:14:53,,211.08
-723524-03-02 00:40:31,,211.49
-723025-03-28 10:51:17,,210.48
-722192-08-06 16:35:07,,214.01
-721830-05-14 08:40:17,,212.55
-721044-01-03 05:49:00,,212.11
-720556-10-14 07:46:58,,216.1
-719740-09-25 16:42:47,,218.96
-719457-01-28 04:17:27,,219.2
-718641-11-01 09:31:46,,217.04
-718137-04-21 21:17:06,,212.03
-717337-05-31 19:44:27,,200.82
-716828-03-30 00:15:11,,193.46
-716005-02-10 20:36:28,,189.88
-715398-04-28 13:46:49,,198.43
-714636-09-05 14:48:15,,210.51
-714360-06-06 03:40:32,,213.6
-713615-03-18 05:42:40,,227.58
-713166-11-10 09:25:24,,223.14
-712454-10-16 06:30:33,,227.08
-712115-01-03 11:42:16,,227.64
-711362-02-02 01:59:09,,223.89
-710294-11-09 23:42:03,,224.0
-710071-02-12 17:14:50,,224.12
-709449-07-19 10:05:25,,225.39
-709033-03-24 07:08:34,,224.9
-708506-02-19 01:32:59,,227.03
-707959-01-13 00:33:15,,230.51
-707504-10-16 19:22:57,,231.43
-707009-06-08 05:00:41,,234.84
-706463-02-18 21:02:25,,233.11
-706250-11-26 16:50:11,,233.58
-705694-11-09 02:26:46,,233.51
-705361-11-19 17:04:24,,238.85
-704761-11-04 10:06:11,,236.05
-704543-08-19 12:27:59,,236.05
-704103-05-19 18:37:57,,237.66
-703777-08-20 01:02:56,,237.18
-703294-09-03 15:14:59,,235.09
-703103-03-28 20:11:22,,234.04
-702632-10-08 11:53:06,,233.54
-702300-01-22 13:59:53,,232.83
-701846-07-05 21:36:42,,232.28
-701518-01-21 23:35:05,,233.35
-701060-08-07 03:22:21,,230.59
-700784-04-23 01:36:42,,232.18
-700251-08-28 23:51:10,,232.16
-700043-06-06 08:46:20,,230.88
-699574-01-21 19:36:39,,232.46
-699318-01-18 04:01:20,,235.42
-698865-09-27 21:37:05,,236.61
-698535-07-23 01:59:10,,236.72
-698154-11-20 21:22:12,,237.21
-697915-11-12 11:18:21,,239.73
-697489-07-23 10:08:39,,239.01
-697266-10-30 01:09:42,,238.86
-696803-05-06 20:53:03,,241.83
-696555-01-13 17:02:58,,240.9
-696089-07-30 19:20:22,,241.03
-695797-11-24 09:43:43,,239.88
-695392-02-16 06:13:30,,238.42
-695140-04-13 17:34:24,,239.44
-694695-09-29 12:31:48,,238.13
-694485-09-08 11:15:47,,238.05
-694032-09-10 20:06:23,,238.74
-693782-04-07 07:59:59,,236.8
-693309-04-25 03:43:51,,239.8
-692999-06-08 01:35:14,,239.31
-692587-10-02 17:30:32,,240.46
-692330-03-22 09:30:37,,239.34
-691871-04-13 11:31:15,,237.76
-691624-07-13 14:43:42,,243.7
-691127-06-24 17:23:05,,238.47
-690882-02-10 22:09:46,,239.3
-690368-03-25 05:49:28,,243.56
-690018-08-11 19:18:11,,239.38
-689518-11-24 19:46:27,,238.42
-689272-09-27 23:11:08,,239.29
-688786-03-07 03:20:14,,236.45
-688525-12-02 15:10:18,,235.8
-688001-02-13 08:24:48,,232.27
-687743-04-23 05:36:45,,232.07
-687208-09-26 20:44:40,,230.67
-686860-09-12 12:57:22,,227.64
-686350-06-09 02:21:28,,227.65
-686050-03-10 10:44:09,,226.73
-685495-01-25 00:55:34,,222.97
-685204-07-11 12:42:59,,222.7
-684632-10-03 01:45:29,,222.62
-684319-06-15 07:24:41,,220.63
-683730-09-11 14:55:43,,220.62
-683345-09-22 19:49:11,,221.82
-682808-07-03 12:47:55,,224.36
-682474-11-20 05:16:23,,225.64
-681879-10-24 18:15:53,,222.7
-681508-09-13 10:33:47,,220.24
-680790-06-22 07:59:44,,219.14
-680394-11-08 00:51:42,,221.31
-679720-08-18 22:11:25,,227.9
-679276-11-22 10:10:19,,225.81
-678678-12-14 04:09:27,,233.11
-678363-12-24 10:09:17,,233.61
-677785-05-23 22:06:24,,232.7
-677505-03-10 16:31:11,,229.16
-676792-12-09 07:23:06,,220.09
-676378-05-19 01:01:01,,218.21
-675651-10-26 19:51:32,,216.59
-675202-04-01 09:16:47,,219.96
-674581-10-26 23:31:25,,222.57
-673456-01-10 21:53:54,,216.12
-673078-02-26 22:40:53,,211.69
-672279-03-05 18:24:05,,204.67
-671746-06-12 11:22:40,,201.12
-670811-03-05 07:32:56,,197.13
-670201-09-03 16:14:44,,194.79
-669508-08-15 06:12:18,,196.83
-669121-10-20 17:35:37,,194.88
-668346-03-26 05:58:39,,191.51
-667869-04-03 01:59:07,,187.66
-666965-01-05 08:56:06,,180.67
-666465-04-17 17:44:53,,177.71
-665460-09-09 05:54:28,,173.71
-664803-03-10 17:59:30,,174.77
-663886-01-11 09:46:21,,180.54
-663372-08-10 17:42:29,,180.17
-662458-06-17 07:42:30,,187.77
-662370-02-23 09:49:49,,192.55
-661987-01-10 08:13:26,,191.02
-660928-12-30 02:47:12,,190.86
-660847-12-08 19:40:20,,193.91
-660332-05-13 08:44:09,,189.69
-659266-08-24 19:34:37,,191.59
-659168-03-23 03:35:14,,193.97
-658514-12-29 18:48:54,,188.43
-657462-08-23 17:48:55,,185.68
-657344-09-21 12:59:15,,187.38
-656814-06-11 15:19:42,,184.1
-655772-07-17 12:49:00,,190.88
-655704-05-01 07:15:52,,189.23
-655231-06-14 16:36:09,,192.93
-654183-11-22 05:20:38,,200.35
-653574-03-11 01:15:08,,200.0
-652489-11-22 12:10:39,,194.82
-651780-04-16 01:56:39,,192.87
-650759-08-02 22:31:37,,186.79
-650154-04-12 05:51:04,,187.27
-648997-06-09 21:45:25,,193.44
-648398-01-28 11:54:51,,189.25
-647241-06-09 04:58:57,,196.17
-646662-02-11 13:31:00,,193.48
-645305-09-07 09:57:35,,191.85
-644427-08-01 12:59:28,,189.89
-643201-11-19 01:11:31,,195.82
-642351-09-13 04:12:02,,195.31
-640907-11-17 15:41:16,,191.56
-640125-12-06 07:33:55,,191.38
-638422-04-12 08:56:08,,190.18
-637468-04-04 03:00:09,,188.85
-635764-02-27 07:22:57,,195.33
-634572-12-18 20:30:49,,194.0
-633059-06-29 15:18:13,,194.86
-632931-05-20 11:05:56,,195.95
-632128-12-25 02:14:29,,193.1
-630407-07-31 19:41:41,,196.5
-629576-03-14 07:05:54,,200.46
-627916-06-01 16:46:36,,200.78
-627820-09-01 06:15:21,,205.27
-627190-11-24 20:26:18,,199.52
-625880-06-01 19:34:40,,205.76
-625019-01-31 19:39:18,,215.71
-624097-01-07 13:25:22,,228.51
-623448-08-05 14:04:57,,235.02
-622547-07-25 20:24:52,,237.93
-621105-07-25 02:25:47,,239.19
-621001-10-13 15:26:12,,243.89
-619701-01-23 12:39:13,,243.53
-618334-10-05 06:46:48,,245.89
-617004-10-04 09:45:54,,248.29
-615660-12-09 15:58:31,,252.64
-614407-11-28 04:24:09,,252.73
-614349-05-22 07:19:14,,252.9
-613191-11-27 16:43:54,,252.75
-611993-09-15 19:16:07,,256.19
-610812-07-14 17:57:45,,258.14
-609651-11-16 02:57:57,,259.68
-609601-06-30 10:35:44,,257.82
-608479-01-02 05:16:33,,257.74
-607297-03-16 13:08:00,,259.22
-606029-03-15 15:43:36,,254.58
-604676-08-03 19:04:21,,248.48
-603353-05-08 13:34:23,,244.53
-601999-05-07 12:03:53,,239.14
-600651-09-30 02:00:17,,237.86
-599305-05-06 23:40:08,,232.45
-597865-11-12 16:16:53,,229.38
-597268-04-10 18:40:34,,225.97
-596380-09-28 12:20:54,,219.02
-595854-11-19 01:04:47,,216.27
-594841-05-13 11:11:37,,216.44
-594272-12-06 11:10:25,,221.22
-593486-01-08 11:07:18,,232.92
-592914-09-06 01:27:47,,237.98
-592097-09-28 20:26:44,,238.15
-591611-03-28 22:32:44,,233.16
-590836-12-20 06:29:10,,229.39
-590433-01-07 21:30:39,,225.68
-589069-01-07 06:07:48,,237.38
-588539-09-08 07:59:35,,243.56
-588090-05-04 05:53:33,,248.1
-587475-02-19 03:35:03,,250.2
-586991-08-02 17:34:51,,246.35
-586329-02-18 17:01:09,,238.78
-585939-10-24 12:45:09,,234.4
-585222-08-20 10:39:46,,225.99
-584771-08-23 07:52:50,,223.96
-582009-09-06 21:23:09,,210.64
-581624-03-25 18:41:12,,206.68
-580886-03-08 06:13:15,,209.88
-580505-12-13 18:33:45,,215.45
-579978-03-07 04:13:00,,219.41
-579597-12-13 16:33:30,,225.21
-579169-10-30 12:31:36,,230.26
-578864-06-24 13:23:14,,236.17
-578452-09-12 16:43:39,,243.81
-578261-12-24 05:23:39,,244.14
-577883-05-11 07:49:04,,251.47
-577331-12-05 04:58:50,,252.92
-576792-02-16 13:24:49,,249.06
-576246-02-15 19:11:11,,251.08
-575704-08-16 16:36:52,,251.34
-575165-05-17 22:14:41,,251.3
-574649-05-17 21:38:04,,252.9
-574163-08-16 22:05:39,,252.54
-573705-12-11 17:24:12,,248.86
-573284-07-07 15:16:49,,252.08
-572856-06-22 16:30:49,,251.86
-572415-10-28 07:58:48,,251.77
-571963-06-14 16:00:06,,248.72
-571526-09-21 02:57:07,,249.19
-571104-12-13 08:04:41,,247.66
-570720-08-07 12:08:51,,246.31
-570366-12-21 09:13:09,,250.3
-570025-10-13 13:52:10,,251.6
-569683-02-10 16:44:33,,249.6
-569311-01-11 13:49:42,,251.8
-568912-05-04 10:31:33,,251.8
-568513-01-04 13:06:11,,251.3
-568117-03-22 03:46:51,,250.0
-567734-07-16 19:07:56,,251.3
-567365-11-18 08:25:15,,250.2
-566980-04-27 01:28:57,,253.0
-566584-03-25 02:25:00,,252.8
-566254-04-30 13:12:44,,253.9
-565935-07-30 02:56:21,,253.2
-565599-10-26 03:49:31,,254.5
-565290-12-24 10:30:05,,253.9
-564968-02-13 07:36:53,,254.3
-564639-10-29 07:44:36,,253.7
-564295-03-02 13:54:00,,251.4
-563946-10-29 03:59:36,,252.6
-563589-07-04 18:05:33,,252.4
-563184-03-01 15:53:18,,251.4
-562774-02-08 01:10:32,,247.6
-562361-11-27 06:30:00,,245.8
-561978-07-25 20:24:53,,245.7
-561586-09-22 05:33:04,,242.3
-561185-08-13 04:13:58,,240.1
-560706-11-11 12:00:11,,234.1
-560361-12-22 05:38:54,,234.6
-559938-05-23 20:16:44,,231.9
-559501-09-21 05:10:41,,231.6
-559016-11-10 19:35:08,,228.3
-558487-11-04 15:13:30,,230.3
-557923-11-03 05:37:40,,230.2
-557687-09-14 06:13:40,,229.7
-557366-06-14 16:40:26,,234.5
-556828-10-08 21:00:17,,238.1
-556356-06-09 15:54:51,,240.4
-556205-11-25 05:55:00,,245.6
-555888-04-01 14:47:12,,250.5
-555707-04-27 00:30:18,,244.0
-555435-05-29 18:30:06,,249.1
-555249-10-23 22:00:08,,243.0
-554973-03-04 00:12:24,,241.0
-554457-06-10 14:21:57,,233.9
-553892-02-09 21:51:47,,226.7
-553208-02-09 13:47:54,,224.3
-552530-11-02 09:54:01,,223.6
-551859-10-21 23:17:42,,220.3
-551669-01-25 17:01:12,,222.1
-551296-06-20 03:30:31,,226.3
-551071-07-15 04:59:20,,222.3
-550732-11-22 19:12:38,,221.7
-550161-05-14 12:25:19,,219.9
-549431-05-13 07:44:41,,215.2
-548633-11-26 19:52:28,,213.6
-548281-09-22 08:07:25,,208.8
-547770-05-06 07:26:26,,202.5
-546821-09-03 16:28:41,,204.6
-545857-10-09 16:34:13,,209.7
-544880-04-20 15:42:55,,209.6
-543915-07-16 00:50:03,,210.3
-542936-06-16 22:16:18,,208.1
-541895-07-30 21:15:49,,203.6
-540790-03-28 07:59:56,,205.0
-539704-08-16 19:20:06,,211.2
-538634-08-16 22:59:58,,212.9
-537564-08-16 02:39:51,,206.4
-536491-09-07 21:42:57,,205.0
-535385-12-22 16:43:34,,199.4
-534229-12-21 16:17:21,,199.8
-533745-05-24 01:29:55,,190.5
-533094-11-18 16:51:38,,193.8
-532718-04-05 07:39:31,,195.1
-531982-03-14 15:54:32,,200.0
-531604-01-26 17:34:50,,204.4
-531038-11-14 00:15:33,,211.4
-530643-11-28 06:56:10,,214.5
-530129-09-05 18:33:48,,220.7
-529251-01-21 23:22:19,,220.3
-528341-12-05 03:15:02,,221.2
-527453-01-03 04:26:35,,222.7
-526567-09-30 01:15:34,,224.7
-525749-09-30 04:06:21,,227.8
-524946-08-16 19:51:48,,230.3
-524157-06-08 12:38:06,,233.7
-523387-06-08 00:28:06,,235.8
-522621-07-25 00:36:23,,236.8
-521852-08-11 12:55:04,,241.9
-519625-12-17 17:59:33,,243.5
-518872-08-14 22:37:57,,245.5
-518123-01-25 11:12:03,,247.7
-517379-04-19 16:02:21,,245.3
-516651-12-19 16:49:51,,245.5
-515926-06-01 09:53:33,,246.2
-515205-06-12 23:52:29,,247.2
-514471-06-12 18:26:54,,243.0
-513701-08-24 07:26:40,,241.5
-512898-08-24 19:05:57,,239.2
-512083-04-22 00:07:52,,238.2
-511255-09-07 08:06:51,,242.0
-510414-08-23 10:01:18,,235.2
-509563-12-21 01:24:28,,236.4
-508702-02-02 04:17:18,,233.4
-507835-06-09 23:59:42,,240.3
-506991-06-10 09:58:24,,237.0
-506168-09-12 16:59:42,,238.2
-505362-01-07 13:20:08,,236.0
-504534-09-08 19:24:15,,235.5
-503734-03-06 07:03:23,,233.9
-502962-08-21 06:47:21,,234.1
-502227-03-23 13:11:33,,232.2
-501469-06-27 02:23:02,,232.0
-500688-10-10 04:14:37,,231.2
-499912-12-28 11:25:57,,230.8
-499134-06-14 16:13:45,,228.2
-498355-08-19 02:13:26,,230.8
-497577-08-19 12:33:34,,230.6
-496788-12-28 02:31:41,,232.8
-496016-06-06 13:07:55,,236.5
-495238-10-12 19:30:08,,236.4
-494494-05-05 07:14:45,,237.6
-493776-09-19 23:49:27,,238.5
-493074-04-12 07:25:54,,238.3
-492350-01-06 16:45:59,,239.1
-491643-04-19 04:49:22,,239.7
-490914-08-17 07:03:03,,243.7
-490205-11-09 00:26:32,,246.7
-489501-04-28 22:45:07,,243.3
-488784-06-15 02:03:51,,242.6
-488545-06-30 13:56:56,,249.3
-488076-02-12 09:07:47,,252.8
-487770-08-13 02:44:38,,240.9
-487352-04-24 18:44:17,,242.0
-486616-12-13 19:03:27,,237.1
-485898-05-02 05:49:23,,231.3
-485179-02-24 15:21:32,,232.9
-484449-09-25 06:51:10,,233.0
-483718-11-18 02:51:37,,231.2
-482986-03-22 08:22:19,,231.4
-482230-08-10 21:29:37,,231.4
-481445-01-07 12:41:21,,227.3
-480631-06-09 01:55:33,,223.4
-479713-06-09 10:02:58,,223.8
-478777-09-19 09:13:49,,218.8
-478378-02-04 13:43:19,,220.8
-477826-09-15 01:31:02,,231.3
-477453-06-12 10:34:09,,236.5
-476943-12-07 22:19:50,,239.1
-475991-05-24 06:32:58,,236.6
-475000-08-05 08:10:04,,232.8
-473975-03-11 11:55:58,,233.1
-473024-04-12 16:48:03,,241.2
-472142-01-12 00:12:41,,245.6
-471851-07-16 18:17:32,,243.9
-471268-07-27 22:06:43,,243.7
-470913-02-13 13:01:47,,232.7
-470313-04-26 21:51:17,,229.2
-469875-11-10 05:23:14,,218.7
-469251-08-07 09:26:41,,215.5
-468776-05-29 01:00:23,,206.5
-468090-04-05 09:41:43,,205.5
-466928-09-04 05:46:34,,203.4
-465757-09-30 10:08:15,,204.4
-464682-01-31 17:25:47,,208.1
-463652-08-27 09:05:49,,210.0
-463315-01-08 21:32:19,,205.2
-462650-11-30 00:36:16,,199.9
-461577-09-25 03:51:40,,194.4
-460464-04-13 08:51:33,,190.7
-459336-04-27 04:17:49,,195.5
-458302-03-02 19:49:48,,202.4
-457262-10-30 18:32:53,,208.3
-456844-05-15 00:00:44,,203.3
-456258-02-01 15:52:06,,204.3
-455795-04-01 05:42:41,,199.1
-455165-12-08 20:10:03,,192.5
-454052-10-07 07:35:36,,193.3
-452914-01-24 06:27:27,,198.4
-451826-09-25 11:50:47,,201.9
-450786-07-14 07:57:56,,204.9
-449797-02-04 03:50:17,,201.2
-448693-06-25 23:48:14,,201.7
-447621-05-01 20:13:20,,208.1
-446509-03-11 00:48:34,,203.5
-445269-03-11 08:38:43,,201.1
-443382-08-21 17:57:34,,199.1
-441895-09-19 02:48:52,,202.0
-440281-08-02 13:04:14,,201.3
-438710-10-13 02:05:46,,201.7
-437114-12-10 01:48:29,,200.3
-435536-12-09 06:21:37,,207.5
-433990-09-02 02:08:04,,209.8
-432429-04-16 08:51:38,,207.6
-431900-01-21 11:40:46,,211.5
-430229-01-17 13:09:40,,227.2
-429074-08-06 04:06:30,,219.7
-427229-12-30 02:59:44,,242.5
-426890-02-26 10:14:31,,248.2
-425992-12-14 02:45:37,,252.1
-425205-05-24 04:33:21,,255.3
-424672-10-16 09:05:16,,265.4
-424287-01-30 07:16:38,,270.0
-423791-06-10 22:06:15,,270.8
-423182-02-02 14:02:50,,268.3
-422558-08-07 23:46:50,,267.7
-421276-11-06 19:12:21,,270.6
-420583-09-12 20:35:02,,266.4
-419962-03-13 15:24:30,,268.6
-418752-08-02 03:31:40,,273.8
-418184-08-02 17:10:53,,271.2
-417626-07-26 13:23:29,,273.7
-416555-01-17 00:38:46,,274.6
-416007-07-25 16:16:02,,271.8
-415491-11-26 20:01:59,,273.4
-414475-01-09 11:53:35,,271.7
-413996-09-24 19:56:14,,276.4
-413230-10-02 15:50:09,,271.6
-412261-06-25 17:38:28,,264.9
-411309-09-10 00:13:11,,274.9
-409398-05-15 23:21:52,,283.5
-408504-07-15 14:10:11,,282.6
-407648-02-06 04:56:37,,274.7
-406869-08-14 19:18:53,,284.5
-405333-11-02 04:12:34,,285.6
-404593-07-15 19:54:57,,279.6
-403113-09-14 09:00:17,,280.5
-402363-01-12 07:29:17,,276.5
-400910-06-29 05:43:05,,275.7
-400191-05-31 03:50:06,,283.1
-398760-04-01 07:22:48,,283.2
-397976-03-02 23:19:38,,277.1
-396325-03-13 19:11:09,,276.3
-392956-03-23 17:23:06,,260.7
-392054-08-20 22:29:14,,273.6
-391027-03-04 15:55:44,,259.5
-390337-01-27 06:09:34,,258.1
-387460-02-10 16:08:00,,245.8
-385875-07-02 00:02:31,,246.8
-384334-08-10 09:45:40,,239.1
-382608-11-12 09:42:53,,240.0
-380982-10-29 14:38:50,,227.0
-376810-01-27 03:10:02,,229.6
-375085-06-07 09:53:21,,224.6
-373255-09-16 21:41:14,,214.7
-371508-09-07 17:16:53,,199.9
-369436-06-08 05:53:21,,201.9
-366116-05-27 09:18:49,,206.3
-363240-01-27 10:07:26,,201.2
-360618-09-12 13:40:15,,185.8
-358734-06-16 05:08:09,,186.1
-357061-12-01 10:10:30,,193.0
-353868-07-10 07:41:06,,209.2
-352463-04-24 21:48:26,,209.4
-351225-09-10 13:01:34,,216.2
-349727-12-09 16:00:36,,221.1
-347189-03-14 02:07:14,,220.3
-345595-06-23 10:06:17,,211.9
-344371-05-17 08:21:17,,204.8
-343051-06-07 23:09:39,,205.2
-341974-09-10 18:37:35,,200.7
-340842-09-21 21:39:26,,250.1
-338785-03-15 04:18:14,,234.2
-338034-05-23 11:11:57,,239.6
-337042-11-03 02:05:00,,241.9
-336264-10-11 14:28:13,,255.7
-335567-08-10 07:47:00,,270.5
-334918-06-16 17:23:58,,278.6
-334428-09-26 16:05:05,,285.8
-333758-10-07 21:36:56,,278.1
-333153-12-19 11:30:16,,298.6
-332594-05-22 00:40:18,,288.4
-332400-10-10 11:00:59,,289.1
-332048-09-18 19:09:46,,282.4
-331550-03-08 20:02:31,,273.1
-330849-08-28 06:43:34,,272.6
-330194-02-26 07:11:04,,271.7
-329344-09-21 08:33:11,,265.0
-328104-12-10 00:52:03,,275.1
-327465-12-25 09:51:38,,271.9
-326821-07-10 09:00:39,,270.1
-326137-06-18 02:59:50,,266.1
-325486-06-06 20:08:12,,264.0
-324641-03-07 04:28:29,,266.2
-323873-04-09 01:36:21,,260.5
-323058-11-09 22:50:37,,260.3
-322217-05-07 08:49:09,,260.4
-321434-12-01 04:43:55,,257.2
-319868-10-24 22:56:59,,249.2
-318967-12-04 08:29:43,,255.8
-317880-08-08 17:55:02,,233.4
-316903-08-30 06:56:34,,245.2
-315983-09-17 08:58:57,,251.6
-315200-05-23 03:19:19,,272.6
-314501-07-17 05:19:14,,246.8
-313708-09-27 08:00:37,,257.1
-312886-01-19 09:41:49,,256.7
-312102-05-29 18:36:07,,251.6
-311393-02-17 05:25:44,,241.9
-310644-10-29 07:15:47,,239.0
-309720-03-23 22:46:32,,237.8
-308826-02-26 21:47:08,,233.2
-308061-04-12 00:27:10,,226.2
-307474-07-11 12:00:08,,227.8
-306376-07-21 09:23:56,,225.8
-305514-12-25 05:18:25,,244.8
-304631-02-17 15:02:33,,248.6
-303828-02-07 03:43:23,,250.2
-303150-06-10 13:09:28,,240.7
-302151-05-01 07:52:35,,240.2
-301166-04-01 16:11:26,,236.0
-300134-01-22 05:27:56,,239.0
-299076-08-17 15:53:25,,236.1
-298166-05-18 18:03:30,,231.0
-297427-12-19 05:31:32,,224.4
-296755-08-16 19:19:52,,217.1
-294879-05-17 20:38:09,,213.1
-293414-01-05 04:39:08,,212.7
-292506-12-14 10:30:43,,206.7
-291701-07-03 01:10:36,,206.0
-290869-12-07 14:42:05,,207.6
-289613-05-16 06:41:11,,217.1
-288914-06-13 19:04:41,,220.4
-288235-09-27 04:02:07,,234.9
-286337-10-22 10:16:51,,231.0
-285870-03-10 02:02:27,,230.4
-285494-05-18 13:08:50,,231.4
-284660-04-11 00:25:00,,226.4
-283982-11-30 23:35:43,,228.0
-282485-07-23 01:37:14,,231.3
-280643-05-05 11:55:24,,223.7
-279451-06-28 23:37:05,,215.3
-278609-04-13 05:09:01,,211.0
-277669-03-08 08:34:25,,204.5
-276641-04-27 11:18:56,,202.2
-275493-03-25 15:27:12,,193.2
-274308-07-03 22:00:51,,198.4
-273205-08-03 06:45:55,,194.1
-272214-02-22 14:15:48,,193.9
-271216-05-24 14:51:43,,190.4
-270200-08-02 02:08:29,,184.7
-269086-03-08 19:14:34,,198.8
-267991-10-02 04:44:24,,194.2
-267046-09-21 02:50:02,,187.2
-266308-05-22 07:56:26,,188.7
-265057-03-22 05:31:43,,211.7
-264185-10-09 07:27:42,,199.9
-262634-06-16 17:40:01,,228.1
-260867-02-12 12:27:24,,214.6
-260105-08-21 00:00:38,,208.9
-259344-04-18 03:09:10,,205.7
-258945-12-23 03:12:03,,209.6
-257447-04-24 21:17:42,,203.9
-255958-02-21 10:19:21,,204.0
-255111-08-14 21:19:46,,201.9
-254349-07-20 21:03:13,,199.0
-252637-02-06 03:54:05,,195.4
-251807-07-12 05:48:02,,196.7
-251004-06-27 02:49:23,,195.4
-250183-12-12 23:22:54,,213.9
-249441-08-21 11:03:20,,200.2
-247150-05-02 18:22:10,,214.7
-244921-09-18 10:02:39,,219.4
-244239-05-23 17:17:38,,230.4
-243614-03-15 16:46:16,,236.7
-243107-03-10 20:11:16,,249.9
-242633-11-11 08:32:08,,252.3
-242172-06-06 22:55:24,,263.7
-241189-09-06 08:19:49,,280.2
-240736-09-26 23:27:51,,279.0
-239906-10-18 22:00:45,,263.2
-239383-02-24 04:18:48,,259.7
-238241-10-30 03:15:01,,252.8
-237789-07-16 16:32:13,,247.4
-237437-02-27 03:37:24,,245.8
-237059-12-08 14:11:04,,245.6
-236476-11-09 13:45:54,,239.1
-235956-08-31 02:54:04,,243.1
-235442-07-15 03:06:35,,247.4
-234901-05-25 00:36:18,,241.4
-234476-03-09 06:12:42,,252.1
-234041-05-03 09:38:20,,245.2
-230906-02-17 15:30:45,,241.6
-230242-06-03 09:16:41,,233.9
-229180-07-12 18:40:48,,232.4
-227622-02-20 16:18:35,,224.5
-226817-03-14 13:32:20,,233.1
-226490-10-08 22:49:42,,234.5
-225770-03-17 19:10:05,,235.5
-224900-05-07 15:29:32,,215.7
-224310-05-10 04:41:07,,203.3
-222322-09-03 13:32:01,,205.6
-221179-02-21 19:38:59,,208.8
-220590-08-09 11:38:44,,207.1
-219748-09-21 05:53:45,,216.1
-218986-07-25 08:41:50,,214.1
-217118-07-27 10:36:40,,240.5
-216251-05-22 16:26:13,,245.3
-215745-03-22 03:30:39,,251.1
-215466-07-16 14:20:02,,251.7
-214915-03-17 12:27:08,,247.5
-214356-01-11 03:56:42,,242.6
-213963-11-02 04:40:20,,240.3
-213131-06-04 22:54:51,,241.4
-212209-05-14 08:20:24,,251.2
-211381-10-29 21:35:17,,243.4
-210583-02-04 13:08:08,,257.4
-210129-06-05 00:51:06,,239.5
-209628-05-02 12:07:36,,246.9
-209109-09-14 08:18:20,,252.0
-208882-02-08 04:19:01,,247.2
-208225-01-01 18:43:33,,243.9
-208016-01-31 14:51:36,,244.6
-207495-02-18 01:36:15,,242.2
-207133-11-29 15:09:40,,240.5
-206872-08-08 14:53:32,,230.0
-206325-08-22 17:06:38,,237.2
-206159-05-23 14:34:38,,238.1
-205673-04-14 03:20:40,,231.4
-205291-11-15 03:39:08,,229.4
-204947-04-27 14:02:54,,226.3
-204410-03-25 18:34:59,,228.6
-203995-08-03 18:34:32,,232.2
-203626-05-30 09:38:30,,231.9
-203254-11-21 19:34:57,,244.4
-201892-03-02 17:11:28,,247.6
-200795-09-01 00:42:25,,239.1
-199802-03-01 21:52:55,,250.9
-196988-03-01 11:01:07,,242.6
-196378-09-18 02:00:21,,241.2
-195638-10-24 20:02:15,,226.4
-193850-08-30 02:23:58,,220.0
-193177-08-30 02:23:39,,226.5
-191125-08-29 02:11:59,,218.0
-190014-01-29 08:01:00,,220.3
-189305-08-28 21:26:33,,231.4
-187857-08-28 14:20:04,,231.3
-186487-02-26 18:55:26,,210.7
-184461-02-26 11:35:51,,203.4
-182421-02-25 13:38:59,,199.7
-181308-02-25 03:15:49,,198.1
-180246-02-24 08:25:34,,217.7
-179352-02-24 21:02:35,,213.2
-177923-02-22 23:29:33,,207.7
-175780-08-24 15:09:59,,190.1
-175584-03-20 01:10:12,,189.4
-174903-02-22 10:03:36,,190.3
-173884-10-17 15:03:06,,196.0
-172492-02-23 08:39:01,,197.7
-169989-02-21 14:00:55,,197.8
-167565-09-27 19:39:33,,196.6
-166796-08-21 13:05:55,,183.8
-165964-01-14 21:50:10,,186.7
-164834-02-20 02:50:54,,190.1
-164193-02-20 08:50:04,,191.6
-162385-06-27 02:21:30,,196.5
-161908-02-18 19:00:56,,204.3
-158205-02-17 15:42:20,,187.5
-157766-02-17 23:30:43,,185.5
-156716-02-17 06:55:16,,189.0
-154357-04-23 09:05:37,,189.38
-152940-12-30 14:12:02,,196.3
-151825-06-20 01:33:32,,198.78
-149495-04-10 23:48:37,,202.35
-148645-03-30 21:41:28,,202.51
-147517-12-21 17:32:23,,201.78
-146284-08-26 11:37:34,,195.81
-144159-11-18 03:54:03,,193.59
-142850-07-13 08:46:59,,196.02
-141702-10-26 07:55:47,,194.59
-140411-07-23 01:06:19,,196.51
-138000-02-23 05:42:44,,192.75
-136885-10-26 00:02:46,,198.55
-135814-09-10 13:37:34,,199.18
-134616-07-24 05:46:11,,203.74
-132573-10-31 16:01:47,,212.43
-131826-04-20 00:17:19,,222.74
-130982-02-24 15:23:43,,224.63
-130760-03-24 15:05:44,,228.0
-130027-11-13 21:58:36,,232.28
-129373-11-28 22:09:40,,241.13
-128869-10-01 13:16:03,,250.84
-128423-01-28 20:40:07,,251.84
-127706-06-19 23:05:32,,260.61
-127128-01-24 20:32:55,,268.44
-126928-02-08 21:44:07,,271.08
-126517-05-18 01:33:13,,285.76
-126223-06-08 04:27:25,,280.72
-126075-08-17 10:15:05,,276.03
-125554-07-22 01:05:53,,276.88
-125364-04-10 19:05:49,,275.78
-125012-01-28 00:01:47,,274.93
-124750-03-12 06:52:23,,273.02
-124064-05-28 03:15:16,,275.15
-123343-06-22 07:52:09,,276.81
-122868-08-27 02:46:53,,275.52
-122455-08-01 13:50:56,,281.54
-122010-08-15 23:09:52,,275.87
-121681-03-12 14:15:59,,274.6
-121064-02-25 10:06:48,,279.16
-120343-09-27 12:57:02,,279.0
-120150-02-06 12:41:43,,278.25
-119892-02-17 23:21:52,,276.61
-119476-01-30 11:11:11,,279.48
-118593-03-11 12:06:09,,276.82
-118195-12-24 10:34:38,,268.73
-117766-08-07 13:14:49,,274.59
-117293-07-31 19:22:17,,267.74
-116709-10-29 13:28:57,,277.72
-115670-09-27 08:01:42,,274.98
-115236-07-19 01:15:59,,274.03
-114526-07-08 01:21:33,,273.63
-113959-07-07 09:12:00,,273.16
-113497-06-05 09:46:37,,276.96
-112866-09-15 12:03:47,,275.07
-112300-02-03 18:56:43,,267.9
-111729-06-15 13:43:48,,260.58
-111170-10-28 02:25:11,,264.75
-110992-05-13 04:49:08,,263.12
-110686-01-12 18:48:31,,256.79
-109927-04-16 13:48:46,,257.93
-109027-02-02 12:08:38,-40.35,
-108668-04-16 12:05:28,-40.46,
-108606-09-24 05:26:26,,246.69
-108309-08-04 00:37:11,-36.9,
-107950-10-16 00:34:01,-38.85,
-107890-02-13 20:14:19,,244.13
-107590-02-02 13:05:44,-37.45,
-107420-10-15 09:20:08,-38.13,
-107249-08-04 18:09:24,-37.92,
-107180-09-01 16:30:10,,244.44
-107078-04-16 14:23:48,-37.91,
-106907-02-01 23:13:04,-37.57,
-106543-04-16 04:13:44,-37.49,
-106452-03-07 00:57:06,,236.43
-106179-08-03 21:49:17,-38.44,
-105815-10-15 02:49:57,-38.63,
-105450-02-01 20:25:29,-38.89,
-105087-04-15 19:37:23,-38.78,
-105025-04-08 12:41:55,,240.34
-104724-08-02 07:24:10,-38.23,
-104419-11-02 11:45:04,,244.83
-104361-10-15 06:36:04,-38.42,
-104307-09-15 03:13:32,,241.4
-104040-03-20 19:59:14,,257.58
-103997-02-01 18:22:50,-38.23,
-103634-02-01 16:24:59,-37.78,
-103558-12-08 13:07:40,,248.78
-103271-02-01 14:27:08,-36.41,
-103017-08-21 00:05:35,,242.36
-102908-02-01 12:29:17,-37.33,
-102545-02-01 10:31:26,-36.9,
-102382-11-09 03:40:52,,238.88
-102325-10-03 10:25:40,,247.76
-102158-02-01 04:03:58,-37.81,
-101771-01-31 21:36:30,-38.13,
-101384-02-01 15:09:02,-38.69,
-101359-05-06 15:34:52,,240.68
-100997-02-01 08:41:34,-38.35,
-100815-04-21 19:05:45,,237.07
-100615-08-01 12:04:39,-39.03,
-100232-01-31 15:27:45,-38.28,
-100022-03-12 16:23:01,,240.07
-99850-08-01 18:50:50,-38.4,
-99467-01-30 22:13:55,-38.79,
-99376-05-27 20:15:15,,244.76
-99080-01-31 15:46:27,-39.07,
-98693-01-31 09:19:00,-38.44,
-98594-11-26 20:44:50,,247.87
-98313-01-30 10:10:10,-36.59,
-98127-03-26 06:13:00,,245.63
-97933-01-30 11:01:20,-36.57,
-97501-01-30 02:08:21,-36.71,
-97412-08-29 11:38:50,,242.99
-97069-01-30 17:15:22,-37.15,
-96634-05-12 08:14:21,,243.18
-96596-01-31 06:41:48,-37.23,
-96123-01-29 20:08:14,-37.6,
-95978-08-15 04:31:41,,239.86
-95627-07-31 14:10:41,-37.71,
-95321-03-11 06:13:08,,242.35
-95130-01-29 08:13:07,-38.02,
-94621-01-29 14:55:08,-38.39,
-94525-03-14 16:50:33,,245.76
-94112-01-29 21:37:09,-38.87,
-93972-08-06 17:37:47,,246.2
-93603-01-29 04:19:10,-38.81,
-93285-12-21 06:21:14,,242.91
-93094-01-29 11:01:11,-38.82,
-92619-07-11 20:42:06,,242.41
-92583-05-18 19:05:22,-39.0,
-92072-10-11 15:44:26,-39.19,
-91874-11-13 11:35:32,,238.21
-91560-01-28 23:48:36,-39.29,
-91475-05-14 11:58:53,,235.16
-91065-01-28 21:07:54,-39.64,
-90718-04-03 16:00:34,,232.46
-90570-01-28 18:27:11,-39.48,
-90075-01-28 15:46:29,-39.58,
-90000-05-02 18:50:38,,233.74
-89607-12-22 17:22:58,-39.53,
-89495-01-17 04:12:26,,231.12
-89138-10-10 06:24:35,-39.43,
-88884-01-21 19:28:06,,231.56
-88669-09-04 08:01:05,-39.15,
-88368-10-13 09:54:05,,229.74
-88206-01-27 07:50:35,-39.04,
-87750-01-27 18:28:00,-37.97,
-87747-10-24 18:36:23,,228.88
-87295-05-10 05:42:17,,227.38
-87294-01-28 05:05:24,-37.76,
-86836-10-09 19:24:29,-38.24,
-86751-01-08 11:08:02,,223.99
-86377-05-16 21:08:41,-38.34,
-86187-11-22 19:47:37,,217.8
-85918-01-26 11:27:45,-38.4,
-85632-11-22 05:52:53,,223.63
-85465-05-16 18:23:29,-38.75,
-85078-06-07 09:52:57,,221.06
-85012-10-08 13:54:06,-40.11,
-84558-01-26 20:49:50,-40.57,
-84549-10-02 09:53:54,,223.38
-84123-05-15 19:07:47,-40.09,
-83941-05-19 12:42:44,,228.76
-83688-10-09 06:00:37,-39.69,
-83418-08-07 13:16:12,,234.69
-83252-01-27 04:18:33,-39.31,
-82987-04-20 08:49:50,,238.42
-82835-01-26 04:14:05,-39.15,
-82418-01-26 04:09:36,-38.22,
-82408-08-18 03:08:34,,243.16
-82001-01-26 04:05:08,-38.41,
-81991-03-03 02:47:40,,250.79
-81607-10-08 06:23:10,-35.8,
-81605-12-17 03:30:58,,247.1
-81212-05-14 20:06:19,-36.39,
-81039-10-22 10:40:20,,246.32
-80817-01-25 22:24:21,-36.95,
-80577-05-08 07:53:55,,240.87
-80429-01-25 21:45:40,-36.72,
-80119-04-11 16:32:26,,238.89
-80041-01-25 21:06:58,-36.69,
-79762-08-21 15:23:32,,234.13
-79653-01-25 20:28:16,-36.62,
-79275-05-14 23:26:32,-36.95,
-79257-02-16 16:16:37,,230.33
-78897-10-08 14:59:41,-36.81,
-78772-04-10 22:20:34,,233.92
-78518-01-24 17:57:57,-37.05,
-78381-09-15 16:26:08,,230.6
-78148-10-07 00:45:36,-37.13,
-77928-04-21 07:17:44,,234.74
-77777-05-14 18:58:22,-37.26,
-77461-09-15 12:11:05,,229.26
-77406-01-24 01:46:01,-37.29,
-77079-10-06 22:36:43,-37.15,
-77020-07-10 13:46:13,,227.3
-76751-07-25 08:02:17,-37.33,
-76558-02-11 17:17:14,,224.14
-76423-04-07 04:52:59,-37.51,
-76131-04-25 04:30:10,,226.65
-76095-01-24 14:18:33,-37.65,
-75792-05-13 13:19:22,-37.99,
-75666-02-22 17:15:11,,224.92
-75489-10-07 00:55:02,-38.04,
-75185-01-23 23:55:50,-37.95,
-75107-07-31 19:32:58,,231.68
-74878-01-24 08:27:05,-38.58,
-74747-04-28 01:02:08,,238.01
-74571-01-23 16:58:19,-38.48,
-74298-08-05 09:44:21,,239.34
-74264-01-24 01:29:33,-38.72,
-73939-01-22 18:38:35,-38.85,
-73901-05-30 19:33:46,,249.94
-73614-01-23 11:47:36,-38.22,
-73596-12-06 14:40:50,,249.52
-73289-01-24 04:56:38,-38.22,
-73118-02-09 21:13:06,,243.27
-72969-05-13 06:46:28,-38.97,
-72649-10-05 21:11:10,-39.51,
-72576-05-30 17:29:02,,241.24
-72328-01-22 23:01:00,-38.89,
-72272-07-31 10:45:16,,231.33
-72001-05-12 17:32:11,-39.86,
-71801-02-06 04:58:45,,232.74
-71674-10-06 00:38:15,-42.05,
-71346-01-22 19:09:27,-41.91,
-71270-09-28 13:40:51,,230.89
-71074-10-05 08:18:00,-40.8,
-70916-01-08 08:00:59,,232.33
-70801-05-12 08:51:41,-36.64,
-70541-11-29 05:22:43,,232.79
-70528-01-22 22:00:14,-36.83,
-70225-01-22 07:16:24,-37.61,
-70143-04-01 13:25:30,,239.46
-69922-01-21 16:32:35,-37.67,
-69744-05-29 15:15:02,,237.56
-69619-01-22 01:48:45,-38.01,
-69330-11-21 05:19:40,,235.02
-69303-04-04 15:48:38,-38.19,
-68987-06-17 05:48:31,-38.43,
-68979-03-10 13:32:29,,225.17
-68671-08-28 19:48:24,-38.57,
-68478-10-19 16:53:07,,220.33
-68355-11-09 09:48:18,-39.26,
-68103-11-24 01:15:20,,215.55
-68038-01-21 23:48:11,-39.48,
-67728-04-04 02:55:28,-42.37,
-67642-01-14 14:20:38,,211.26
-67418-06-16 06:02:45,-43.26,
-67132-07-11 02:06:19,,205.42
-67108-08-27 09:10:03,-42.58,
-66798-11-09 12:17:20,-41.72,
-66670-01-24 23:19:53,,203.43
-66487-01-21 15:24:37,-36.45,
-66233-01-21 03:51:15,-36.86,
-66197-11-13 17:25:20,,200.17
-65979-01-20 16:17:52,-37.33,
-65780-05-17 18:05:58,,203.76
-65725-01-21 04:44:30,-37.69,
-65471-01-20 17:11:08,-37.88,
-65365-06-20 03:19:20,,201.14
-65217-01-21 05:37:45,-38.22,
-65010-05-06 06:57:30,,207.21
-64931-04-03 13:14:39,-38.54,
-64645-06-15 20:51:33,-40.27,
-64490-09-30 07:55:28,,204.39
-64359-08-27 04:28:27,-41.33,
-64073-11-09 12:05:21,-42.46,
-63988-10-28 03:12:01,,200.59
-63815-07-17 18:22:55,,198.17
-63786-01-20 19:42:15,-39.97,
-63597-08-09 11:30:53,,208.98
-63455-04-03 00:53:38,-40.94,
-63124-06-14 06:05:00,-41.67,
-63097-05-02 23:07:50,,199.17
-62918-08-19 21:21:38,,201.67
-62793-08-27 11:16:23,-42.08,
-62708-10-05 05:35:53,,203.7
-62462-11-08 16:27:46,-42.3,
-62164-04-10 00:29:49,,199.73
-62130-01-19 21:39:09,-41.87,
-61947-03-04 01:17:13,,197.24
-61877-06-15 06:36:31,-41.12,
-61624-11-07 15:33:53,-41.38,
-61606-04-06 12:21:54,,197.4
-61370-04-03 00:31:15,-40.92,
-61117-08-26 09:28:36,-41.84,
-61011-02-24 10:43:27,,200.15
-60863-01-19 18:25:58,-41.67,
-60825-06-26 00:37:04,,202.71
-60628-11-06 21:05:03,-41.37,
-60602-01-15 07:54:29,,202.56
-60392-08-25 23:44:08,-41.01,
-60156-06-14 02:23:13,-41.56,
-59951-04-30 22:06:27,,206.38
-59920-04-01 05:02:18,-38.39,
-59684-01-20 07:41:22,-39.86,
-59605-12-10 12:28:19,,210.9
-59407-06-13 12:09:08,-41.01,
-59285-03-19 09:30:55,,210.57
-59130-11-06 16:36:53,-41.45,
-59111-03-02 22:18:17,,207.95
-58868-06-06 17:55:10,,213.78
-58852-04-01 21:04:39,-41.68,
-58575-08-26 01:32:24,-42.06,
-58567-06-02 23:54:19,,217.25
-58424-12-27 19:38:41,,212.87
-58297-01-19 06:00:09,-41.23,
-58160-03-03 06:14:59,,216.66
-58040-01-19 11:53:05,-41.22,
-57784-07-31 01:50:05,,223.45
-57783-01-18 17:46:00,-41.01,
-57526-01-17 23:38:56,-40.92,
-57431-08-21 11:41:30,,226.35
-57269-01-19 05:31:51,-41.16,
-57156-12-23 06:34:47,,231.29
-57012-01-18 11:24:47,-40.47,
-56772-11-05 19:07:41,-41.06,
-56531-08-25 02:50:36,-41.22,
-56484-09-23 17:18:31,,223.15
-56290-06-13 10:33:31,-39.23,
-56267-01-14 06:16:08,,224.35
-56049-04-01 18:16:25,-38.69,
-55894-04-30 12:31:05,,223.72
-55808-01-18 01:59:20,-38.42,
-55590-08-25 00:39:38,-37.27,
-55527-10-10 18:25:15,,217.38
-55371-03-31 23:19:56,-38.01,
-55261-02-09 11:31:24,,215.7
-55153-11-05 22:00:14,-39.21,
-54934-06-12 20:40:32,-39.74,
-54715-01-16 19:20:50,-38.72,
-54554-06-20 04:50:41,,212.44
-54502-08-24 12:57:18,-37.68,
-54288-03-31 06:33:47,-37.39,
-54288-11-30 23:39:27,,207.67
-54075-11-06 00:10:15,-38.09,
-53960-07-03 16:15:47,,210.27
-53861-06-12 17:46:43,-38.53,
-53647-01-17 11:23:11,-38.6,
-53604-11-30 15:35:34,,214.78
-53394-03-31 19:10:48,-38.85,
-53344-08-02 02:11:41,,208.19
-53141-07-18 15:33:17,-39.16,
-53065-07-22 16:59:01,,216.86
-52888-09-29 23:20:54,-38.63,
-52745-06-08 09:10:21,,213.89
-52634-01-16 19:43:23,-39.12,
-52438-12-01 01:17:00,,217.96
-52381-03-31 03:31:00,-40.17,
-52207-06-11 08:06:05,,220.37
-52103-02-21 22:53:08,-40.28,
-51857-10-17 22:36:20,,221.14
-51826-12-11 05:40:24,-39.32,
-51548-11-04 01:02:33,-37.8,
-51451-08-05 05:25:41,,223.26
-51270-09-29 20:24:41,-38.29,
-51159-10-16 23:55:10,,223.72
-50992-07-18 03:11:57,-40.48,
-50851-04-21 15:00:17,,221.15
-50790-03-30 11:38:06,-38.07,
-50624-05-12 12:27:09,,220.72
-50589-12-11 20:04:15,-40.29,
-50435-04-06 18:29:05,,219.08
-50387-08-23 04:30:24,-40.33,
-50185-05-06 12:56:33,-39.2,
-50137-03-23 08:03:29,,213.82
-49983-01-15 21:22:42,-37.22,
-49830-07-06 14:39:51,,215.08
-49821-08-23 06:32:05,-37.43,
-49658-02-22 03:06:36,-36.79,
-49496-09-28 12:16:00,-37.37,
-49482-08-05 02:46:25,,211.57
-49333-03-30 08:50:31,-37.11,
-49171-11-03 17:59:54,-37.14,
-49080-11-14 17:56:06,,207.64
-49008-05-04 14:34:25,-37.76,
-48846-12-10 23:43:49,-37.77,
-48683-06-10 20:18:19,-37.59,
-48578-08-19 16:09:03,,207.41
-48520-01-16 05:27:43,-37.28,
-48358-07-17 02:02:14,-37.93,
-48271-06-28 21:27:27,,206.74
-48057-07-14 08:01:23,,204.38
-48052-01-16 13:50:19,-38.07,
-47934-01-15 03:44:44,-38.0,
-47818-01-15 06:01:37,-38.11,
-47779-09-21 01:28:40,,203.87
-47702-01-15 08:18:30,-38.05,
-47591-01-15 05:31:33,-38.3,
-47513-05-19 07:17:54,,204.06
-47482-01-15 15:07:04,-38.26,
-47370-01-15 18:08:54,-38.85,
-47353-01-23 04:16:54,,200.12
-47240-01-16 05:48:30,-38.24,
-47107-01-14 10:54:25,-39.27,
-47038-02-02 10:16:43,,201.58
-46976-01-16 04:22:48,-38.91,
-46845-01-15 21:51:10,-38.83,
-46721-01-14 22:38:11,-39.25,
-46582-01-15 14:36:42,-39.43,
-46478-03-07 22:21:13,,200.98
-46450-01-15 13:53:50,-39.46,
-46329-01-14 21:14:33,-39.05,
-46274-11-10 16:54:41,,206.18
-46201-01-14 21:16:38,-39.2,
-46071-01-15 08:56:15,-39.38,
-45994-04-16 07:58:26,,205.66
-45942-01-14 14:47:05,-39.73,
-45817-01-14 21:22:52,-39.44,
-45761-08-26 06:02:32,,203.79
-45699-01-15 11:17:17,-39.77,
-45579-01-14 12:49:14,-39.4,
-45575-09-05 06:11:31,,204.26
-45441-01-14 22:58:59,-39.48,
-45365-01-22 16:04:11,,207.6
-45295-01-15 07:38:51,-40.74,
-45196-01-15 07:06:42,-38.83,
-45137-10-04 13:27:02,,210.27
-45076-01-15 08:38:39,-39.33,
-44961-01-15 05:06:46,-38.44,
-44938-02-05 16:45:19,,210.84
-44838-01-15 00:05:01,-38.97,
-44797-08-07 11:15:45,,214.18
-44714-01-14 00:52:02,-39.62,
-44686-02-20 08:12:22,,216.42
-44581-01-15 05:57:57,-39.55,
-44413-01-14 22:30:40,-40.68,
-44359-06-27 09:01:00,,218.35
-44244-01-14 20:52:10,-41.19,
-44232-10-11 01:19:27,,219.25
-44108-09-15 12:30:03,,221.77
-44074-01-15 01:02:26,-40.55,
-43928-12-04 11:16:42,,222.72
-43909-01-14 00:08:52,-40.85,
-43771-01-14 10:18:36,-40.28,
-43747-12-23 13:40:50,,217.51
-43635-01-14 08:50:49,-41.0,
-43512-01-14 03:49:04,-40.93,
-43511-09-18 18:22:59,,214.5
-43410-01-13 20:43:13,-38.85,
-43333-01-14 12:18:13,-36.79,
-43331-08-24 19:04:30,,213.92
-43247-01-14 08:12:07,-36.91,
-43192-01-07 08:35:17,,207.95
-43157-01-14 03:21:05,-36.81,
-43078-01-14 06:33:37,-37.27,
-43047-11-16 14:02:20,,211.49
-42991-01-14 08:16:16,-37.27,
-42900-01-14 09:14:00,-37.52,
-42866-01-10 23:12:34,,210.44
-42811-01-13 22:34:12,-37.69,
-42726-01-13 12:39:20,-38.4,
-42706-06-30 09:11:05,,212.29
-42633-01-14 01:14:35,-38.13,
-42542-01-14 02:12:19,-38.2,
-42541-07-15 22:55:28,,204.83
-42443-01-14 01:40:10,-37.96,
-42401-07-26 19:41:12,,206.22
-42349-01-13 20:04:12,-38.16,
-42260-01-14 09:24:24,-38.8,
-42255-08-02 11:40:03,,202.0
-42161-01-14 08:52:15,-38.88,
-42146-11-02 04:42:46,,204.31
-42053-01-14 12:39:01,-39.55,
-41937-01-13 14:55:54,-39.1,
-41859-01-09 20:40:10,,201.69
-41820-01-13 23:01:33,-39.64,
-41712-11-15 22:05:16,,203.18
-41699-01-14 06:22:16,-39.94,
-41582-01-13 14:27:55,-39.93,
-41566-03-20 05:18:57,,204.22
-41463-01-13 10:11:06,-40.21,
-41401-05-17 14:57:11,,201.66
-41355-01-13 13:57:51,-39.16,
-41253-01-14 06:52:00,-39.63,
-41222-02-22 23:18:07,,203.16
-41135-01-12 20:46:25,-41.22,
-41019-12-14 23:36:10,,204.26
-41017-01-13 10:40:50,-41.59,
-40900-03-02 06:19:50,,206.35
-40889-01-14 10:42:55,-41.7,
-40763-01-12 23:07:28,-41.81,
-40679-09-25 23:27:58,,204.83
-40631-01-12 22:24:36,-41.55,
-40536-01-13 22:37:24,-38.1,
-40443-01-13 11:12:40,-38.16,
-40366-03-19 20:38:26,,200.9
-40359-01-12 19:29:01,-38.5,
-40258-01-13 06:34:25,-38.58,
-40165-01-13 19:09:41,-38.22,
-40064-01-14 06:15:04,-38.61,
-39958-01-12 22:24:17,-39.39,
-39951-05-05 20:29:46,,199.89
-39852-01-13 14:33:31,-39.69,
-39810-10-28 07:41:13,,201.12
-39745-01-13 12:31:30,-39.77,
-39656-01-25 00:50:09,,205.49
-39646-01-13 11:59:21,-40.58,
-39547-01-12 11:27:13,-41.63,
-39431-01-12 13:44:06,-41.45,
-39354-06-11 23:18:06,,204.19
-39324-01-13 11:42:05,-41.04,
-39222-01-13 04:36:15,-40.32,
-39218-02-18 16:26:11,,201.53
-39141-01-12 19:26:19,-37.87,
-39059-01-12 16:05:08,-38.67,
-38966-01-13 04:40:24,-39.23,
-38958-08-23 22:19:17,,200.97
-38873-01-13 17:15:40,-38.62,
-38805-09-25 20:35:54,,200.47
-38787-01-12 13:09:34,-39.47,
-38699-01-12 20:40:59,-40.61,
-38612-01-12 22:23:39,-41.72,
-38604-08-04 09:45:05,,201.48
-38536-01-31 14:27:19,,201.32
-38518-01-12 16:47:41,-40.99,
-38421-01-13 04:38:00,-40.79,
-38359-08-19 08:30:46,,197.9
-38300-01-12 11:58:43,-40.47,
-38196-09-25 08:34:33,,193.69
-38184-01-13 14:15:36,-38.92,
-38163-12-07 09:33:35,,193.08
-38093-05-03 04:57:58,,192.6
-38056-01-13 14:17:41,-40.24,
-37951-07-13 15:32:31,,197.55
-37935-01-11 21:38:24,,193.87
-37902-01-11 21:27:41,-41.33,
-37808-12-06 09:05:36,,193.58
-37760-10-31 11:31:30,,196.67
-37728-01-13 00:53:01,-41.67,
-37671-01-12 20:12:41,,195.7
-37566-08-19 10:02:24,,200.4
-37563-01-11 23:59:26,-41.65,
-37505-08-19 04:37:09,,198.14
-37453-02-18 03:58:36,,191.53
-37430-08-19 08:34:37,,204.78
-37397-01-13 04:54:38,-40.79,
-37390-03-26 22:45:45,,207.87
-37370-02-18 06:26:12,,209.33
-37354-10-31 19:30:36,,209.5
-37316-05-01 09:29:20,,208.69
-37233-01-12 22:12:18,-41.22,
-37171-07-13 13:30:11,,207.32
-37104-06-06 06:22:39,,204.28
-37076-01-12 22:48:36,-41.39,
-37027-03-25 20:47:54,,202.34
-37006-06-07 00:01:45,,205.99
-36925-05-02 02:16:56,,205.65
-36921-01-12 11:47:22,-41.37,
-36863-06-07 15:15:19,,206.09
-36774-08-19 05:45:16,,206.54
-36761-01-12 05:49:58,-41.34,
-36721-03-25 23:30:22,,204.46
-36672-03-25 20:19:55,,204.79
-36624-06-06 12:30:27,,208.23
-36615-01-11 14:29:50,-41.39,
-36584-10-31 07:20:36,,210.08
-36523-02-17 09:51:13,,207.23
-36482-01-12 19:35:45,-40.58,
-36463-03-26 11:12:04,,210.79
-36410-10-31 10:45:56,,208.0
-36370-01-11 22:37:34,-37.31,
-36335-10-30 14:43:24,,207.41
-36251-01-11 18:20:45,-37.15,
-36243-08-18 20:20:08,,206.52
-36216-06-06 08:07:05,,208.34
-36139-07-13 12:16:57,,214.36
-36112-01-12 10:19:16,-37.39,
-36051-09-24 20:58:08,,211.21
-35980-01-12 09:36:24,-37.73,
-35945-01-11 21:03:13,,214.21
-35854-01-11 22:00:57,-37.41,
-35828-10-30 09:47:53,,212.09
-35734-01-11 23:32:54,-37.55,
-35698-07-14 07:42:52,,212.14
-35669-06-07 19:42:13,,214.3
-35624-01-12 14:57:11,-37.51,
-35519-01-11 01:17:39,-37.91,
-35512-09-23 10:03:09,,209.84
-35481-01-12 06:10:46,,212.51
-35409-01-11 16:41:56,-38.29,
-35389-12-07 06:11:09,,206.59
-35352-01-12 12:01:36,,209.66
-35347-07-13 07:59:49,,208.25
-35297-01-12 19:43:45,-38.06,
-35194-10-30 23:05:41,,207.35
-35193-01-12 00:15:26,-38.07,
-35169-06-06 22:05:20,,210.16
-35085-01-12 04:02:11,-38.7,
-35074-08-18 23:27:53,,206.36
-34990-03-26 05:24:44,,203.51
-34977-01-12 07:48:57,-38.41,
-34872-01-12 18:09:24,-38.22,
-34871-10-31 04:37:11,,202.76
-34763-03-25 04:54:40,,203.75
-34759-01-11 02:59:59,-39.43,
-34720-06-05 16:01:23,,203.77
-34642-03-25 12:15:23,,205.1
-34641-01-11 16:54:24,-40.37,
-34557-09-24 17:14:54,,198.96
-34531-01-11 08:18:41,-40.46,
-34426-01-11 18:39:09,-39.11,
-34324-01-11 11:33:18,-39.6,
-34312-03-24 10:28:15,,200.09
-34224-12-05 10:03:49,,201.78
-34221-01-11 10:16:14,-40.96,
-34137-07-13 09:26:58,,204.12
-34111-01-11 01:40:31,-41.29,
-33999-09-23 20:46:28,,198.8
-33993-01-11 15:34:56,-42.09,
-33905-06-06 01:25:52,,203.29
-33877-01-11 17:51:49,-41.98,
-33756-01-12 01:12:32,-42.96,
-33752-06-06 02:47:06,,200.5
-33723-07-12 15:56:12,,201.81
-33621-01-11 17:55:58,-41.64,
-33618-01-11 11:22:16,,201.83
-33581-05-01 00:11:15,,201.89
-33559-07-12 09:13:52,,202.04
-33548-12-05 03:29:48,,201.06
-33497-01-11 18:42:59,-41.73,
-33496-03-25 01:41:30,,200.3
-33433-01-11 06:44:02,,201.36
-33410-08-17 23:54:55,,203.62
-33387-01-11 10:07:16,,204.47
-33374-01-11 13:41:14,-41.76,
-33332-04-30 07:34:03,,205.38
-33282-01-11 20:27:44,-38.63,
-33216-03-24 21:16:03,,203.6
-33197-01-11 10:32:52,-38.1,
-33140-06-05 08:12:02,,198.78
-33112-01-11 00:37:59,-38.63,
-33022-01-10 19:46:57,-38.18,
-32934-01-11 03:18:23,-38.88,
-32917-03-25 07:17:10,,203.09
-32876-06-06 06:46:20,,202.8
-32842-01-11 10:04:52,-39.73,
-32761-06-06 03:14:27,,197.16
-32745-01-10 21:55:12,-40.01,
-32698-03-25 08:16:58,,198.89
-32670-01-11 01:52:40,,200.29
-32653-06-06 07:01:12,,199.49
-32641-01-11 02:26:53,-39.5,
-32607-02-15 20:39:49,,199.65
-32546-01-11 02:39:41,-40.43,
-32427-01-10 22:22:52,-41.59,
-32385-08-18 06:00:18,,196.2
-32363-03-24 11:33:40,,196.27
-32301-03-24 11:57:10,,195.79
-32296-01-11 15:51:15,-41.84,
-32241-09-23 15:37:31,,194.89
-32170-01-11 04:15:47,-42.05,
-32115-10-29 16:36:57,,195.93
-32042-07-12 19:12:15,,195.41
-32038-01-11 03:32:56,-40.86,
-32007-01-10 15:44:41,,196.47
-31976-02-16 16:31:19,,194.47
-31958-07-12 03:28:37,,194.46
-31936-04-29 10:11:43,,195.27
-31906-01-10 02:50:05,-41.21,
-31891-01-10 18:01:34,,195.63
-31809-12-05 07:54:18,,200.03
-31771-01-10 19:33:31,-41.23,
-31637-01-11 06:28:12,-39.8,
-31606-09-23 10:44:05,,197.8
-31542-08-17 10:10:15,,197.13
-31505-01-10 05:45:21,-38.22,
-31468-07-11 19:44:05,,196.9
-31369-01-11 04:17:33,-38.8,
-31232-01-11 08:38:32,-39.11,
-31199-09-23 00:31:57,,197.65
-31094-01-10 18:48:16,-40.11,
-31059-01-10 06:15:05,,196.33
-30963-01-10 12:16:39,-43.05,
-30931-02-15 18:52:03,,196.7
-30864-12-05 04:58:24,,199.3
-30827-01-10 10:48:51,-42.55,
-30765-12-05 04:26:15,,195.94
-30728-03-23 11:26:28,,195.08
-30688-01-11 02:47:22,-42.23,
-30645-06-05 15:03:49,,194.43
-30562-12-05 08:25:48,,194.61
-30556-01-11 02:04:30,-42.24,
-30485-03-25 07:56:40,,194.11
-30422-01-10 12:59:11,-41.61,
-30412-10-29 03:45:52,,195.25
-30358-02-15 13:35:06,,192.47
-30295-01-10 07:12:30,-38.93,
-30201-06-05 03:56:02,,196.91
-30198-07-12 09:57:12,,196.42
-30173-01-10 20:21:59,-37.66,
-30130-06-05 08:38:26,,193.91
-30077-02-16 14:58:25,,193.33
-30053-01-10 21:53:56,-38.35,
-29984-02-16 03:33:40,,192.51
-29938-01-09 18:22:03,-39.26,
-29869-08-17 14:56:11,,192.93
-29843-12-04 11:48:44,,193.71
-29818-01-09 19:54:00,-39.69,
-29693-01-11 02:29:46,-40.51,
-29575-12-04 09:38:05,,189.95
-29571-01-09 15:39:15,-41.79,
-29445-01-10 04:03:48,-41.75,
-29407-08-16 12:26:11,,188.48
-29317-01-10 04:05:53,-41.47,
-29190-01-09 22:19:12,-42.14,
-29156-10-28 08:36:16,,188.0
-29058-01-09 21:36:20,-41.61,
-28926-01-09 20:53:29,-42.24,
-28826-04-29 15:54:44,,190.33
-28795-01-09 14:21:52,-42.2,
-28763-01-09 08:22:23,,187.14
-28669-01-10 02:46:24,-41.14,
-28579-03-23 23:05:07,,182.94
-28548-01-10 10:07:07,-41.22,
-28451-07-11 12:51:50,,184.3
-28413-01-10 02:50:34,-41.72,
-28363-04-28 19:13:30,,185.99
-28328-02-15 05:30:34,,186.52
-28283-01-09 14:30:11,-41.42,
-28232-04-28 12:41:53,,188.48
-28152-01-10 07:58:33,-42.59,
-28152-07-10 22:52:56,,188.25
-28049-01-10 06:41:29,,191.57
-28017-01-10 00:42:00,-42.41,
-28003-12-04 03:18:37,,191.38
-27890-01-09 18:55:19,-42.35,
-27888-03-23 07:42:36,,190.97
-27793-03-24 07:55:23,,191.28
-27756-01-10 05:49:59,-42.29,
-27732-10-28 05:59:23,,189.77
-27660-10-28 16:30:34,,189.24
-27598-01-09 12:15:03,-42.23,
-27461-10-28 21:15:03,,189.21
-27449-01-09 14:21:13,-41.68,
-27417-12-04 01:35:38,,189.83
-27374-02-15 06:53:34,,191.01
-27327-01-09 03:30:42,-41.28,
-27300-06-04 18:46:54,,192.39
-27256-09-22 00:17:15,,188.1
-27201-04-29 05:39:53,,192.26
-27199-01-09 03:32:47,-41.95,
-27083-01-09 05:49:40,-40.22,
-27059-02-14 13:54:56,,192.87
-26999-06-04 16:25:32,,193.26
-26991-01-09 12:36:10,-37.88,
-26953-04-29 07:13:55,,192.69
-26893-01-10 06:15:15,-38.18,
-26892-02-16 00:38:54,,193.89
-26801-01-09 13:01:45,-38.46,
-26775-09-21 12:13:49,,193.8
-26699-01-09 05:55:54,-39.97,
-26677-08-16 17:18:01,,192.82
-26628-08-15 14:07:34,,193.1
-26590-01-09 15:31:26,-41.48,
-26477-02-15 12:56:53,,189.65
-26467-01-09 10:29:41,-40.41,
-26464-02-15 16:30:51,,189.16
-26420-04-28 09:26:19,,192.63
-26337-01-08 22:09:17,-41.64,
-26322-06-03 15:40:17,,191.59
-26265-12-04 01:54:21,,191.82
-26193-01-09 19:11:38,-41.31,
-26148-09-21 08:50:15,,189.96
-26037-01-09 13:59:10,-41.07,
-26024-10-27 22:12:08,,189.29
-25978-12-03 14:10:15,,188.99
-25935-01-08 06:53:19,,189.28
-25917-08-15 19:00:22,,190.58
-25894-01-09 05:12:44,-39.57,
-25871-04-28 08:38:59,,187.59
-25786-01-09 08:59:29,-36.99,
-25769-06-04 14:08:01,,189.3
-25765-12-04 04:17:28,,190.61
-25737-01-09 05:49:02,,192.71
-25712-09-20 23:12:20,,191.46
-25683-01-09 07:42:25,-37.91,
-25637-08-16 14:34:55,,191.95
-25600-04-27 23:54:38,,191.53
-25571-01-08 10:44:14,-38.77,
-25553-03-22 20:31:46,,191.23
-25492-02-15 02:31:38,,191.95
-25431-01-08 08:31:30,-40.91,
-25331-12-03 07:02:01,,190.06
-25289-01-09 17:56:19,-40.52,
-25221-10-28 09:51:26,,194.93
-25157-01-08 17:13:27,-40.57,
-25135-03-22 02:16:04,,186.27
-25092-01-09 11:03:16,,187.39
-25030-01-08 11:26:46,-41.01,
-25005-02-14 01:20:48,,188.08
-24908-03-22 01:46:00,,186.43
-24904-01-08 23:51:19,-39.81,
-24780-01-09 00:38:20,-40.85,
-24754-04-27 21:30:53,,185.44
-24659-01-08 07:59:03,-41.01,
-24588-12-03 05:55:20,,185.51
-24525-01-08 18:53:43,-40.56,
-24511-04-27 18:01:05,,186.01
-24386-01-08 10:52:14,-40.87,
-24365-01-08 12:56:19,,183.77
-24305-07-09 16:36:41,,184.57
-24254-01-08 10:09:22,-40.53,
-24122-01-08 09:26:31,-40.36,
-24066-01-08 22:57:26,,184.52
-23985-01-08 13:47:29,-41.57,
-23843-01-07 23:12:18,-40.61,
-23836-01-08 15:53:40,,186.54
-23712-01-08 16:40:41,-41.77,
-23594-06-03 08:54:36,,183.38
-23575-01-07 21:01:39,-42.18,
-23438-01-08 01:22:38,-41.01,
-23402-12-02 11:52:06,,182.66
-23306-01-08 00:39:46,-40.86,
-23214-06-03 09:45:46,,180.69
-23176-01-08 12:19:23,-41.06,
-23049-01-08 06:32:42,-40.05,
-22922-01-08 00:46:00,-41.18,
-22792-01-08 12:25:37,-42.1,
-22694-06-03 08:24:13,,180.57
-22665-01-08 06:38:56,-42.01,
-22543-01-07 19:48:25,-40.8,
-22413-01-08 07:28:02,-40.9,
-22320-03-20 21:13:02,,186.73
-22279-01-07 18:22:42,-41.71,
-22165-01-08 09:02:03,-41.9,
-22128-04-26 21:51:02,,184.68
-22050-01-08 05:30:10,-42.74,
-21946-01-07 10:01:52,-42.02,
-21924-03-20 19:04:28,,183.13
-21826-01-07 11:33:49,-41.93,
-21706-01-07 13:05:46,-41.91,
-21651-07-09 11:42:17,,187.99
-21578-01-07 13:07:50,-41.58,
-21496-10-26 14:25:41,,186.78
-21456-01-08 02:17:19,-40.08,
-21409-08-14 14:58:36,,193.53
-21353-01-08 01:00:15,-38.31,
-21327-04-26 21:52:48,,197.67
-21259-01-07 19:24:16,-40.48,
-21235-01-07 14:54:40,,188.6
-21158-09-19 22:33:48,,190.08
-21145-01-07 10:03:37,-40.62,
-21064-03-21 02:03:26,,190.53
-21044-01-07 21:09:01,,189.4
-21040-01-07 20:24:05,-40.36,
-20938-01-07 13:18:14,-39.16,
-20884-06-02 17:31:07,,186.13
-20827-01-07 10:31:17,-40.69,
-20800-09-19 15:32:07,,190.01
-20719-01-06 14:18:02,-40.74,
-20701-03-21 00:05:35,,188.49
-20655-12-01 19:32:58,,185.21
-20607-01-06 17:19:52,-40.72,
-20601-12-01 21:26:21,,184.68
-20493-01-08 07:59:13,-40.26,
-20398-06-02 10:31:31,,187.02
-20372-07-08 06:14:19,-40.94,
-20343-10-25 20:33:10,,187.22
-20281-02-16 20:32:01,,191.27
-20264-07-08 10:01:04,-39.8,
-20151-07-08 18:51:39,-40.53,
-20106-06-05 19:30:45,,187.38
-20048-07-08 17:34:34,-40.96,
-19964-05-21 14:17:36,,190.78
-19928-01-07 04:12:08,-40.76,
-19841-06-05 23:53:48,,187.96
-19805-01-06 23:10:23,-40.71,
-19683-01-07 12:19:52,-41.25,
-19613-03-03 06:05:49,,185.23
-19568-01-07 08:47:59,-40.87,
-19461-01-07 06:45:59,-40.96,
-19396-11-02 12:33:46,,187.24
-19357-01-07 11:17:40,-41.38,
-19263-04-26 19:26:19,,190.05
-19251-01-07 03:26:53,-41.24,
-19149-01-06 20:21:03,-40.53,
-19118-04-29 13:56:55,,188.4
-19048-01-07 07:26:26,-40.56,
-19015-08-02 11:46:31,,190.87
-18938-01-06 22:50:43,-40.81,
-18879-08-18 00:56:41,,192.66
-18842-01-07 04:52:17,-39.71,
-18733-01-06 14:27:48,-40.05,
-18717-07-11 18:01:56,,187.76
-18633-01-06 19:44:25,-38.94,
-18587-03-21 00:17:25,,193.93
-18538-01-06 19:57:13,-39.49,
-18458-06-02 07:18:01,,189.99
-18437-01-07 07:02:36,-39.15,
-18343-01-06 01:26:38,-40.56,
-18264-09-15 05:03:49,,190.47
-18245-01-06 19:05:44,-40.45,
-18156-01-07 08:25:55,-39.98,
-18069-04-26 23:53:13,,193.72
-18063-01-06 21:01:11,-39.63,
-17966-01-06 08:51:31,-39.51,
-17934-02-18 22:45:53,,196.06
-17870-01-06 14:53:04,-40.11,
-17842-10-29 05:57:01,,193.6
-17773-01-07 02:43:24,-39.15,
-17680-07-11 21:52:32,,191.42
-17670-01-07 01:26:19,-40.15,
-17619-11-12 20:49:51,,188.95
-17572-01-06 19:05:25,-39.01,
-17493-04-15 13:04:07,,191.52
-17478-01-06 13:29:26,-39.62,
-17394-01-06 21:45:48,-39.92,
-17333-11-09 11:37:30,,191.58
-17305-01-06 11:06:00,-39.29,
-17222-01-06 13:33:36,-38.71,
-17203-03-23 20:49:24,,191.09
-17138-01-05 21:49:57,-39.02,
-17045-01-06 10:25:13,-39.33,
-17044-03-12 10:04:46,,192.71
-16939-01-06 02:34:26,-39.26,
-16917-02-08 07:22:41,,188.5
-16886-11-13 09:35:30,,188.44
-16854-05-18 04:21:08,,192.97
-16831-01-06 06:21:12,-39.33,
-16798-12-19 05:41:49,,191.27
-16728-08-12 08:33:23,,193.9
-16727-01-05 10:52:53,-39.28,
-16633-01-28 03:13:50,,188.57
-16622-01-05 21:13:20,-39.81,
-16570-01-10 03:08:40,,187.67
-16537-06-05 05:17:28,,187.09
-16526-01-06 03:14:54,-39.39,
-16508-03-08 14:03:59,,187.45
-16473-08-03 03:50:18,,188.47
-16442-11-09 06:48:14,,188.21
-16420-01-06 19:24:07,-39.72,
-16411-08-31 09:29:43,,188.73
-16375-08-16 12:07:21,,187.12
-16346-03-16 03:03:05,,189.03
-16329-01-05 20:21:51,-39.94,
-16315-05-02 02:48:11,,188.52
-16283-11-01 11:43:05,,188.88
-16252-03-23 04:46:05,,185.65
-16228-01-06 07:27:14,-39.39,
-16224-11-08 01:59:16,,189.01
-16190-04-04 04:08:04,,184.88
-16161-05-21 16:15:37,,188.59
-16132-05-31 15:48:18,,188.64
-16128-01-06 12:43:52,-40.46,
-16101-12-04 10:33:56,,187.73
-16075-07-26 06:00:18,,187.79
-16043-12-22 17:59:49,,188.96
-16031-01-06 00:34:11,-39.3,
-16016-03-08 17:56:58,,188.66
-15986-01-09 13:48:09,,188.54
-15958-11-08 12:11:05,,191.72
-15932-01-06 00:02:03,-39.34,
-15931-01-05 05:50:49,,190.26
-15905-05-31 15:18:15,,189.52
-15876-08-01 18:03:45,,191.21
-15848-06-11 09:36:23,,187.25
-15833-01-05 23:29:54,-40.34,
-15820-04-21 01:09:01,,191.7
-15794-04-07 17:38:59,,190.41
-15768-12-18 16:51:02,,189.52
-15742-01-06 00:27:38,-40.36,
-15742-10-21 13:27:10,,191.52
-15716-12-14 15:27:24,,194.38
-15688-02-19 22:14:52,,193.21
-15662-01-06 09:28:56,,195.79
-15650-01-06 07:14:08,-40.22,
-15637-10-07 09:09:40,,196.96
-15612-07-21 17:39:35,,192.62
-15585-06-04 19:02:56,,192.37
-15561-02-22 08:07:40,,191.59
-15560-01-06 02:23:05,-39.86,
-15536-09-21 05:37:06,,191.48
-15511-01-08 14:52:07,,193.0
-15485-01-17 05:19:01,,190.76
-15470-01-05 21:32:03,-40.53,
-15461-12-26 08:41:15,,191.89
-15436-09-17 19:14:14,,193.02
-15411-07-06 19:23:39,,190.5
-15386-01-06 05:48:25,-39.91,
-15362-02-22 12:52:09,,194.65
-15338-02-11 09:24:04,,195.88
-15296-01-07 00:57:23,-39.97,
-15287-10-07 03:37:51,,198.29
-15223-01-05 17:17:19,-40.19,
-15214-04-25 11:20:50,,198.63
-15142-03-01 02:59:42,,202.1
-15139-01-05 01:33:41,-40.76,
-15054-01-05 15:38:49,-40.92,
-15045-03-30 20:05:55,,204.32
-14979-03-08 21:47:34,,202.93
-14972-01-06 12:17:38,-40.81,
-14920-09-10 11:18:39,,205.19
-14897-01-06 16:15:07,-40.01,
-14848-06-18 21:41:36,,205.53
-14825-01-06 02:46:17,-39.57,
-14784-06-25 17:01:37,,210.25
-14752-01-05 19:06:13,-40.38,
-14706-02-17 18:23:19,,213.15
-14674-01-05 16:29:59,-40.68,
-14640-01-02 06:28:33,,208.46
-14604-07-02 14:38:31,,208.65
-14603-01-04 21:12:23,-40.63,
-14560-01-31 20:45:45,,207.95
-14523-12-25 13:03:59,,213.94
-14522-01-05 12:02:27,-41.25,
-14509-08-20 02:24:39,,217.19
-14482-09-11 13:18:16,,211.79
-14461-04-22 04:42:20,,212.95
-14442-02-15 01:18:07,,209.51
-14441-01-06 02:52:31,-40.12,
-14425-02-15 04:07:08,,211.21
-14405-10-14 01:48:39,,214.83
-14388-10-05 21:18:42,,212.43
-14368-07-31 23:43:15,,214.6
-14360-01-05 17:42:35,-40.13,
-14347-01-19 11:54:30,,212.84
-14329-04-10 05:01:01,,214.22
-14311-04-13 05:18:18,,218.56
-14291-06-15 03:44:55,,220.49
-14286-01-05 15:51:17,-40.34,
-14273-01-20 10:03:12,,223.24
-14259-04-21 02:53:07,,227.32
-14238-07-21 12:24:24,,221.49
-14217-04-21 07:01:18,,226.19
-14211-01-04 19:48:45,-40.16,
-14202-10-20 13:07:10,,224.86
-14165-11-16 01:47:56,,222.41
-14133-01-05 17:12:31,,224.24
-14127-01-05 04:05:07,-40.2,
-14084-03-26 22:30:48,,224.48
-14065-05-06 17:11:43,,222.39
-14049-01-13 08:47:52,,224.41
-14046-07-11 01:29:03,,223.72
-14045-01-06 00:43:57,-40.0,
-13987-06-29 09:27:48,,223.77
-13971-10-05 21:14:14,,223.51
-13958-01-05 02:26:37,-41.24,
-13895-01-23 14:56:19,,222.36
-13879-01-05 05:39:09,-41.13,
-13818-05-01 21:17:29,,224.86
-13796-01-06 08:06:45,-40.63,
-13755-03-22 23:15:24,,222.16
-13712-01-05 16:23:06,-40.5,
-13700-08-01 18:39:06,,222.76
-13630-01-05 13:01:56,-40.6,
-13597-08-12 16:20:29,,223.53
-13547-01-04 15:29:32,-39.55,
-13513-01-30 10:44:00,,223.27
-13472-01-05 19:27:00,-39.33,
-13461-12-07 11:56:18,,224.74
-13433-03-01 01:01:12,,225.39
-13396-10-09 19:14:18,,228.92
-13387-01-05 09:32:08,-39.39,
-13371-01-27 04:29:19,,227.64
-13331-04-09 22:09:44,,225.77
-13304-01-05 11:59:44,-39.43,
-13294-07-29 10:58:42,,228.27
-13269-02-18 19:20:24,,230.18
-13232-11-26 00:05:18,,227.84
-13226-01-05 09:23:30,-39.29,
-13207-06-29 07:25:28,,228.81
-13184-06-25 05:27:36,,229.67
-13154-01-04 19:54:40,-38.68,
-13146-03-15 03:55:04,,234.47
-13123-06-25 00:02:21,,228.99
-13086-01-05 07:10:47,-38.82,
-13085-03-26 21:28:16,,225.38
-13062-07-14 00:54:31,,228.37
-13038-10-02 04:53:39,,227.65
-13027-07-13 12:21:21,,229.79
-13013-01-04 23:30:43,-39.71,
-13004-05-08 08:12:11,,228.89
-12980-12-28 21:49:47,,228.47
-12966-02-07 05:38:07,,228.36
-12955-10-20 13:38:41,,228.72
-12944-01-05 16:35:35,-40.18,
-12943-07-21 03:56:41,,230.63
-12931-05-09 00:32:07,,227.85
-12920-10-31 00:03:58,,232.22
-12908-06-25 01:47:05,,233.17
-12895-03-30 13:33:21,,227.87
-12885-04-07 06:59:59,,228.4
-12873-08-16 16:26:44,,226.51
-12872-01-06 03:06:45,-39.97,
-12861-05-28 05:43:12,,227.58
-12850-11-15 13:35:33,,228.5
-12838-03-08 10:56:06,,227.79
-12827-09-25 00:04:21,,227.39
-12814-08-08 16:04:58,,224.64
-12809-06-29 16:54:26,,227.9
-12800-01-05 13:37:55,-38.97,
-12794-10-27 20:49:01,,231.48
-12781-02-17 23:58:20,,234.54
-12769-11-22 11:44:35,,230.53
-12757-01-19 14:12:49,,228.18
-12747-04-27 15:06:39,,228.91
-12737-08-22 22:17:55,,237.49
-12726-11-21 21:41:32,,234.34
-12723-01-04 05:12:55,-39.87,
-12715-12-02 12:36:26,,233.42
-12703-10-01 08:10:20,,234.62
-12696-10-23 22:48:37,,238.12
-12681-01-05 09:21:06,-37.63,
-12680-01-09 06:49:21,,240.1
-12670-08-15 20:26:17,,237.97
-12657-10-20 17:51:01,,237.59
-12646-07-17 10:40:46,,235.31
-12641-01-05 01:51:45,-36.66,
-12637-10-27 21:25:19,,237.97
-12626-01-30 06:39:40,,239.77
-12614-06-28 22:23:51,,239.86
-12608-01-05 01:41:02,-36.0,
-12603-01-29 20:21:17,,241.73
-12592-05-09 03:03:53,,235.83
-12582-09-18 00:53:06,,243.17
-12577-01-05 13:52:48,-35.4,
-12571-02-28 19:37:42,,241.14
-12548-10-20 03:26:32,,242.06
-12544-01-05 13:42:05,-35.23,
-12514-06-07 05:43:33,,238.61
-12512-01-05 07:42:36,-35.3,
-12494-09-25 15:43:30,,240.95
-12482-01-05 14:05:35,-35.56,
-12473-10-14 00:05:02,,242.6
-12461-05-31 18:29:11,,242.55
-12448-01-05 19:43:38,-36.18,
-12425-01-09 01:04:45,,240.33
-12413-01-05 07:10:27,-36.65,
-12405-07-14 03:53:57,,238.39
-12394-11-07 16:53:59,,242.08
-12381-01-05 01:10:59,-36.11,
-12359-05-26 19:43:51,,235.8
-12349-04-17 01:37:09,,239.04
-12346-01-04 12:37:48,-36.04,
-12324-12-27 19:00:27,,240.21
-12311-01-04 00:04:37,-36.67,
-12288-07-24 10:58:04,,236.6
-12273-01-05 04:57:44,-36.87,
-12256-06-14 00:44:13,,238.36
-12237-01-04 22:13:19,-37.38,
-12230-06-17 23:31:37,,239.36
-12207-05-30 06:55:49,,239.24
-12199-01-05 03:06:26,-37.98,
-12171-12-14 05:43:44,,236.4
-12164-01-05 14:33:15,-37.56,
-12135-07-17 05:00:19,,232.88
-12122-01-04 18:41:26,-38.54,
-12111-12-02 19:31:14,,241.27
-12073-02-25 18:43:48,,237.87
-12063-01-05 01:38:39,-39.15,
-12052-03-22 10:24:19,,235.92
-12022-01-04 23:58:04,-38.35,
-11991-10-12 17:50:22,,240.57
-11981-01-04 22:17:28,-37.67,
-11936-01-04 19:51:57,-38.19,
-11922-06-10 06:32:39,,237.95
-11894-01-05 00:00:08,-38.13,
-11878-10-24 01:39:25,,239.08
-11853-01-04 22:19:33,-37.53,
-11814-01-04 09:01:26,-37.91,
-11809-04-13 04:51:26,,241.11
-11774-01-05 01:32:05,-37.8,
-11763-03-07 19:39:48,,241.59
-11732-01-05 05:40:16,-38.07,
-11696-08-30 08:42:33,,238.55
-11684-01-05 20:41:03,-38.36,
-11651-03-15 06:00:36,,243.86
-11637-01-05 05:53:04,-38.18,
-11600-01-05 04:57:25,-37.61,
-11582-04-05 21:02:24,,235.83
-11559-01-04 03:16:50,-37.19,
-11537-04-09 10:16:22,,240.25
-11516-01-04 13:13:47,-37.81,
-11472-01-05 04:59:30,-38.0,
-11469-11-29 15:39:41,,237.83
-11428-01-04 20:45:12,-37.2,
-11378-01-04 23:23:31,-38.46,
-11355-11-11 00:01:36,,236.86
-11328-01-05 02:01:50,-38.46,
-11317-01-15 16:56:43,,240.42
-11274-01-05 03:55:12,-39.15,
-11267-10-24 01:15:35,,239.41
-11223-05-05 01:05:23,,236.91
-11217-01-04 23:14:53,-39.69,
-11179-07-24 01:19:49,,234.82
-11157-01-04 12:00:52,-40.98,
-11139-10-15 17:58:41,,241.56
-11117-06-02 22:30:30,,237.91
-11114-01-03 21:57:48,-39.27,
-11094-04-27 23:37:15,,238.86
-11072-02-03 07:21:53,,234.68
-11067-01-04 07:09:49,-38.63,
-11052-12-13 06:13:09,,239.42
-11031-02-16 20:19:15,,237.15
-11026-01-04 05:29:14,-38.44,
-11010-04-05 09:56:41,,240.71
-10990-10-13 04:25:22,,238.18
-10985-01-05 03:48:39,-38.24,
-10968-11-25 08:12:05,,238.79
-10944-08-18 12:56:18,,239.44
-10932-01-04 23:53:16,-38.76,
-10924-01-12 05:42:22,,241.24
-10903-04-19 22:32:38,,239.35
-10881-11-11 19:16:48,,242.15
-10866-01-04 23:31:50,-40.45,
-10860-09-28 01:27:02,,242.23
-10836-05-19 09:15:52,,241.5
-10813-06-07 05:14:56,,240.02
-10791-01-04 03:29:18,-40.58,
-10790-02-06 06:13:28,,247.3
-10770-03-18 06:43:09,,241.59
-10748-11-13 16:02:11,,244.24
-10724-02-09 21:31:31,,242.53
-10717-01-04 01:38:00,-40.85,
-10704-05-14 16:53:31,,243.95
-10680-02-28 19:34:40,,246.94
-10658-05-15 20:16:46,,248.09
-10640-01-04 17:13:00,-41.66,
-10637-05-30 12:58:49,,247.02
-10615-05-22 13:32:42,,244.27
-10594-04-17 03:01:54,,249.92
-10572-08-29 14:15:49,,246.74
-10562-01-04 14:36:46,-40.84,
-10546-03-03 22:08:50,,244.42
-10526-08-15 03:01:06,,246.18
-10505-03-11 03:47:14,,245.83
-10487-01-04 18:34:14,-41.34,
-10482-01-30 13:14:29,,247.67
-10460-08-18 18:19:10,,246.4
-10439-09-13 09:59:40,,243.0
-10416-09-23 22:39:45,,244.31
-10413-01-04 16:42:57,-40.14,
-10394-11-21 17:04:25,,246.97
-10372-09-23 14:25:28,,250.73
-10352-12-20 02:28:30,,248.92
-10334-01-03 19:55:29,-40.36,
-10331-03-28 13:30:00,,249.38
-10307-07-12 07:05:31,,248.95
-10283-02-02 09:38:27,,249.23
-10262-09-02 07:52:50,,249.65
-10258-01-04 05:41:43,-40.3,
-10241-08-07 20:20:31,,250.97
-10219-07-12 14:36:57,,251.42
-10197-07-06 15:10:50,,251.14
-10186-01-04 16:12:53,-40.71,
-10175-06-06 17:47:47,,253.02
-10156-10-04 20:57:27,,255.66
-10130-02-28 00:36:06,,251.03
-10116-01-04 15:06:31,-40.14,
-10109-03-18 08:57:38,,253.1
-10088-09-09 18:37:08,,248.41
-10066-02-10 06:19:42,,247.85
-10041-01-04 19:03:59,-39.57,
-10041-04-28 00:28:06,,255.39
-10020-06-17 05:45:01,,253.99
-9999-12-02 08:05:33,,248.92
-9977-01-18 21:42:59,,258.57
-9971-01-03 17:57:37,-40.7,
-9955-02-05 11:53:16,,255.9
-9934-11-02 20:39:27,,251.56
-9914-11-20 23:12:13,,253.63
-9901-01-03 16:51:16,-40.45,
-9894-09-06 02:38:18,,254.31
-9871-07-05 14:08:38,,257.17
-9853-03-22 00:41:17,,258.53
-9835-01-03 16:29:50,-40.48,
-9831-04-15 22:10:33,,258.25
-9810-10-19 06:48:31,,258.74
-9791-05-12 04:17:37,,255.89
-9770-04-16 16:45:18,,256.04
-9767-01-04 03:45:56,-40.01,
-9752-07-27 07:48:44,,253.99
-9733-03-11 03:14:46,,254.62
-9715-06-20 18:18:13,,247.55
-9702-01-03 21:35:45,-40.29,
-9698-02-03 02:06:43,,257.13
-9679-01-15 10:15:50,,266.22
-9662-09-13 14:31:02,,261.3
-9659-01-04 07:32:41,-38.72,
-9643-10-08 18:34:01,,260.7
-9627-08-07 13:22:59,,267.09
-9623-01-04 00:48:17,-36.54,
-9610-05-26 15:02:15,,262.74
-9594-05-30 03:42:00,,266.9
-9588-01-04 12:15:06,-36.46,
-9574-01-29 11:14:14,,269.51
-9558-10-12 00:18:38,,267.66
-9554-01-03 17:53:09,-36.57,
-9541-07-23 18:38:56,,267.17
-9524-01-04 00:16:08,-36.77,
-9523-03-17 07:14:39,,269.1
-9504-12-12 04:23:18,,268.87
-9491-01-04 00:05:25,-37.39,
-9486-01-29 18:45:40,,270.14
-9468-07-23 10:58:52,,264.48
-9458-01-03 23:54:42,-37.05,
-9450-02-24 01:37:40,,268.16
-9434-11-06 14:42:04,,264.84
-9420-01-04 04:47:49,-38.05,
-9390-08-22 13:38:32,,264.81
-9383-01-04 03:52:10,-38.25,
-9367-01-11 08:11:25,,264.1
-9351-01-03 21:52:42,-37.09,
-9319-01-03 15:53:13,-36.52,
-9307-06-09 14:56:23,,264.4
-9286-01-04 15:42:30,-37.11,
-9255-01-04 03:54:15,-36.42,
-9251-06-06 12:47:48,,265.3
-9236-02-21 05:54:09,,265.0
-9225-01-04 10:17:14,-35.82,
-9212-12-12 21:43:03,,264.8
-9192-01-04 10:06:32,-36.76,
-9161-01-03 22:18:17,-36.81,
-9140-05-21 19:22:54,,264.8
-9132-01-03 22:52:30,-36.56,
-9099-01-03 22:41:47,-36.67,
-9069-01-04 05:04:46,-36.4,
-9037-01-03 23:05:18,-36.53,
-9007-01-03 05:28:17,-36.04,
-9005-07-12 15:19:10,,267.6
-8977-01-04 11:51:16,-36.52,
-8949-01-04 06:36:43,-36.82,
-8918-01-03 18:48:29,-36.92,
-8889-01-04 19:22:42,-36.24,
-8886-04-09 11:55:41,,265.1
-8859-01-04 01:45:41,-36.13,
-8852-03-14 03:57:19,,266.0
-8831-01-03 20:31:08,-35.99,
-8804-01-04 09:27:50,-35.99,
-8774-01-03 15:50:49,-35.5,
-8746-01-03 10:36:16,-36.59,
-8731-07-12 00:01:07,,266.9
-8718-01-03 05:21:44,-35.61,
-8690-01-04 00:07:11,-36.52,
-8660-01-04 06:30:10,-35.49,
-8632-01-04 01:15:37,-35.65,
-8605-01-03 14:12:19,-36.05,
-8577-01-04 08:57:46,-35.51,
-8556-06-16 19:38:48,,267.5
-8549-01-04 03:43:13,-35.69,
-8521-01-03 22:28:41,-36.0,
-8494-09-17 03:29:30,-35.38,
-8465-03-18 13:09:20,-35.35,
-8440-01-04 13:18:44,-35.87,
-8417-06-13 19:57:49,,264.9
-8414-05-29 22:46:10,-35.83,
-8390-07-05 06:51:26,-35.83,
-8363-10-22 09:32:45,-36.26,
-8350-06-16 17:04:39,,265.7
-8336-03-16 19:00:11,-35.87,
-8313-11-28 00:45:57,-35.14,
-8289-11-28 20:16:20,-35.33,
-8265-11-28 15:46:43,-35.16,
-8243-01-21 12:43:08,,263.4
-8238-07-05 02:23:54,-35.46,
-8212-11-27 11:51:20,-35.4,
-8185-03-18 08:43:53,-35.05,
-8185-07-05 22:28:31,,264.0
-8160-08-10 12:22:33,-34.65,
-8135-07-05 01:06:50,-35.57,
-8112-07-04 14:48:27,-35.61,
-8088-01-04 19:24:28,-35.45,
-8065-10-23 13:45:06,-34.59,
-8043-05-26 03:38:58,,264.2
-8041-08-04 00:46:45,-35.17,
-8019-06-05 22:07:49,-34.62,
-7996-08-24 20:18:10,-34.9,
-7971-08-02 23:40:24,-35.17,
-7952-12-19 09:07:29,,264.4
-7950-12-16 05:05:32,-34.17,
-7924-02-12 16:56:29,-34.86,
-7903-10-10 20:26:46,-35.04,
-7879-05-03 22:59:42,-35.07,
-7857-02-12 22:23:50,-35.31,
-7834-09-12 08:15:44,-34.57,
-7810-07-04 18:15:51,-34.14,
-7786-05-22 17:52:24,-35.23,
-7764-10-15 04:04:46,-34.48,
-7741-08-07 08:16:07,-34.21,
-7715-01-21 09:51:42,-34.28,
-7694-09-09 14:23:31,-35.34,
-7670-07-23 22:20:34,-33.9,
-7646-02-13 00:53:30,-34.78,
-7624-03-20 21:21:14,-34.64,
-7624-09-26 19:34:36,,263.8
-7606-02-23 16:22:37,,263.0
-7601-05-18 21:34:40,-34.4,
-7579-10-22 06:45:29,-35.09,
-7575-07-26 14:12:51,,260.9
-7569-12-12 20:05:59,,260.6
-7555-07-26 10:28:11,-34.84,
-7532-08-16 22:06:44,-35.28,
-7510-07-26 08:02:39,-35.13,
-7489-03-25 05:44:10,-35.48,
-7487-04-22 22:37:36,,265.2
-7468-04-22 13:04:10,-34.92,
-7447-07-30 05:54:25,-34.39,
-7424-01-03 15:05:15,-34.89,
-7412-11-19 22:45:21,,263.8
-7404-03-23 19:49:18,-34.15,
-7382-03-06 21:24:43,-34.4,
-7363-03-06 11:51:17,-34.19,
-7346-09-12 12:53:40,,263.7
-7341-11-02 21:10:19,-33.94,
-7319-03-24 09:54:26,-35.07,
-7298-01-04 03:29:47,-34.6,
-7277-04-05 13:01:04,-35.03,
-7255-04-12 04:12:54,-35.33,
-7234-10-15 12:50:52,-34.65,
-7215-05-03 18:40:29,-34.48,
-7194-01-03 08:01:29,-34.9,
-7194-12-30 22:10:46,,262.0
-7174-02-23 07:29:38,-34.9,
-7156-11-30 21:47:59,-34.46,
-7136-03-12 18:40:11,-33.9,
-7117-02-23 02:49:19,-34.77,
-7111-11-01 14:06:33,,259.3
-7099-08-28 18:00:58,-34.39,
-7078-05-03 23:01:27,-34.46,
-7058-12-08 22:46:03,-34.57,
-7043-01-06 13:24:40,,260.4
-7038-09-04 19:54:41,-35.09,
-7018-11-13 01:40:17,-34.57,
-6997-06-13 18:05:53,-34.66,
-6977-11-13 23:59:42,-34.58,
-6962-02-27 07:27:34,,260.9
-6958-05-29 14:09:49,-33.82,
-6939-05-03 14:59:58,-33.99,
-6920-08-17 03:31:40,-34.23,
-6901-11-13 09:45:56,-34.79,
-6879-01-03 15:02:51,-34.88,
-6859-11-02 14:55:39,-34.36,
-6838-04-23 03:06:54,-34.31,
-6832-09-22 23:37:58,,259.0
-6819-07-30 08:19:37,-34.68,
-6801-11-02 16:04:05,-34.52,
-6782-07-04 17:47:33,-34.06,
-6764-10-14 08:51:00,-34.76,
-6761-04-30 02:00:52,,261.8
-6744-09-04 00:51:58,-34.73,
-6724-11-01 07:39:05,-34.4,
-6705-05-21 13:28:42,-34.85,
-6687-09-04 20:11:38,-34.71,
-6668-08-20 20:00:15,-34.54,
-6649-08-17 18:47:19,-34.54,
-6630-09-04 15:31:19,-34.49,
-6613-08-02 21:24:57,-34.32,
-6597-06-06 07:53:25,,260.7
-6594-10-22 20:20:14,-34.86,
-6574-03-06 14:07:50,-34.96,
-6555-04-19 00:28:15,-34.81,
-6535-07-04 13:32:49,-34.71,
-6516-10-14 10:25:02,-34.6,
-6510-04-29 21:01:12,,261.3
-6495-02-23 18:21:55,-34.85,
-6478-04-26 23:22:14,-34.34,
-6458-09-12 14:38:05,-34.92,
-6439-02-01 09:55:54,-34.98,
-6421-10-30 01:15:46,-34.84,
-6402-02-15 23:38:12,,258.3
-6401-09-05 02:38:47,-34.83,
-6381-07-04 20:42:49,-34.45,
-6363-01-31 19:42:08,-34.73,
-6346-03-16 18:25:00,-34.54,
-6327-05-17 11:02:51,-34.77,
-6306-01-02 09:45:54,-35.27,
-6286-10-11 11:41:47,-35.73,
-6266-08-24 20:23:46,-36.44,
-6247-01-02 16:43:07,-36.01,
-6245-03-17 05:30:24,,259.3
-6226-05-14 06:28:46,-36.19,
-6208-11-08 14:21:27,-35.35,
-6186-01-03 11:17:51,-34.92,
-6170-11-09 19:14:34,-35.27,
-6167-09-23 01:07:31,,259.6
-6151-09-19 06:28:18,-34.73,
-6136-08-02 10:06:27,-35.15,
-6116-02-01 15:27:24,-34.77,
-6099-03-21 05:49:45,-35.18,
-6081-08-03 17:48:36,-35.19,
-6062-06-09 13:22:50,-34.49,
-6044-09-08 05:27:49,-34.57,
-6027-07-04 14:26:04,-34.3,
-6026-02-27 00:12:46,,260.8
-6009-04-19 06:14:37,-34.16,
-5990-06-05 08:14:31,-34.78,
-5977-08-21 04:37:43,,259.2
-5973-11-02 05:02:32,-34.81,
-5954-01-20 22:09:04,-34.4,
-5937-12-15 18:11:59,-34.7,
-5919-03-12 12:48:42,-34.41,
-5911-10-28 13:46:34,,259.7
-5902-08-24 00:14:41,-34.12,
-5883-03-31 12:21:44,-34.71,
-5866-02-26 18:15:22,-33.41,
-5850-08-24 14:30:31,-34.35,
-5833-11-27 16:26:14,-34.37,
-5816-12-18 17:12:11,-34.53,
-5798-03-06 12:50:27,-34.45,
-5781-06-27 21:03:35,-34.01,
-5770-06-01 23:23:36,,260.4
-5762-01-21 10:12:11,-34.57,
-5745-04-04 14:10:58,-33.84,
-5729-09-26 18:46:38,-34.24,
-5712-08-20 09:00:47,,260.1
-5711-12-19 03:32:38,-34.64,
-5694-12-20 06:21:40,-34.4,
-5676-12-15 23:19:58,-35.14,
-5658-08-25 02:33:38,-33.71,
-5641-08-06 23:05:14,-34.83,
-5624-11-23 15:38:53,-34.39,
-5607-05-03 05:36:36,-34.59,
-5591-10-03 12:15:21,-34.89,
-5572-02-01 09:36:14,-34.46,
-5555-08-20 09:37:05,-35.64,
-5548-02-19 11:24:03,,258.4
-5537-03-27 15:55:22,-35.0,
-5520-08-01 14:46:27,-34.61,
-5503-10-10 03:05:45,-34.61,
-5486-09-08 08:59:23,-34.42,
-5470-10-07 11:15:33,-34.58,
-5456-09-07 15:22:22,,260.7
-5452-10-03 04:13:51,-33.94,
-5435-09-29 15:23:23,-34.73,
-5418-06-26 19:05:44,-34.99,
-5401-02-22 17:32:11,-34.42,
-5384-01-18 07:46:20,-34.29,
-5367-09-26 11:00:00,-34.28,
-5350-12-12 06:38:16,-35.03,
-5333-03-06 03:46:45,-34.37,
-5325-12-30 14:14:52,,263.0
-5316-07-03 19:18:52,-34.95,
-5298-10-22 17:41:17,-34.98,
-5280-05-25 08:20:05,-35.02,
-5263-06-16 09:06:02,-35.13,
-5246-09-08 12:03:17,-34.73,
-5239-12-08 12:11:50,,262.3
-5228-12-11 19:47:45,-35.03,
-5212-07-03 23:50:33,-34.29,
-5196-12-04 06:29:18,-35.42,
-5179-10-17 21:44:59,-34.66,
-5162-09-26 02:37:05,-34.73,
-5145-09-22 13:46:37,-34.9,
-5127-03-05 01:12:36,-35.14,
-5111-11-26 13:15:27,-35.15,
-5093-08-03 00:49:39,-35.21,
-5089-09-26 18:57:01,,257.6
-5076-12-04 08:01:15,-34.83,
-5059-11-05 05:34:22,-34.16,
-5041-06-01 12:54:12,-35.02,
-5024-01-02 21:44:14,-34.65,
-5021-12-04 15:43:24,,258.1
-5007-10-02 22:54:50,-34.2,
-4990-10-07 17:23:21,-35.2,
-4973-04-11 20:57:28,-34.31,
-4957-07-23 00:23:23,-34.07,
-4941-11-02 03:49:18,-33.97,
-4931-09-11 10:44:08,,262.9
-4924-06-04 12:39:20,-34.67,
-4909-09-30 00:54:26,-34.9,
-4892-04-26 02:25:29,-33.65,
-4876-09-19 01:45:15,-33.79,
-4859-02-04 17:46:03,-34.29,
-4841-05-03 18:11:33,-34.24,
-4825-12-19 17:39:32,-34.25,
-4820-05-10 03:34:37,,262.1
-4808-09-29 11:59:49,-33.94,
-4791-10-03 06:28:20,-35.08,
-4775-09-14 21:11:10,-34.83,
-4758-09-04 01:01:43,-34.65,
-4742-05-13 16:37:52,-34.91,
-4733-06-15 17:52:09,,259.4
-4726-10-03 00:18:09,-35.09,
-4710-12-14 22:28:09,-34.22,
-4694-02-01 01:12:59,-34.49,
-4678-12-04 17:30:13,-35.19,
-4662-10-03 12:19:11,-34.98,
-4647-12-18 20:19:55,-34.59,
-4631-12-04 02:42:14,-34.58,
-4623-09-18 08:23:07,,261.1
-4615-11-15 17:25:03,-35.44,
-4600-10-10 20:01:40,-35.01,
-4584-03-27 11:29:35,-34.79,
-4568-09-04 01:27:19,-35.11,
-4552-01-03 05:21:54,-34.53,
-4537-10-18 09:32:55,-34.77,
-4520-04-17 21:27:33,-34.71,
-4505-12-08 06:46:16,-34.7,
-4489-11-20 21:29:05,-35.13,
-4473-08-21 11:02:09,-35.04,
-4457-07-04 20:29:04,-34.54,
-4452-10-07 00:39:35,,261.2
-4440-03-12 17:53:59,-34.48,
-4426-11-12 20:22:23,-35.05,
-4410-06-05 00:25:11,-34.56,
-4395-08-09 09:27:27,-34.72,
-4388-10-17 11:39:05,,262.7
-4379-04-25 08:22:34,-34.57,
-4364-08-23 12:17:10,-34.2,
-4352-01-17 06:33:06,,263.2
-4347-02-03 17:54:22,-35.48,
-4333-09-03 23:27:23,-35.13,
-4317-10-21 08:00:59,-34.89,
-4300-02-15 02:04:50,-35.08,
-4284-10-17 16:10:46,-34.98,
-4267-02-22 09:13:06,-35.04,
-4252-07-29 01:42:34,-34.33,
-4235-02-14 19:54:39,-35.18,
-4219-03-04 23:12:21,-34.21,
-4205-01-02 06:23:47,-34.69,
-4191-05-17 19:07:33,-34.33,
-4175-07-04 03:41:09,-34.75,
-4159-09-18 17:30:39,-35.32,
-4143-10-28 18:45:17,-35.44,
-4140-03-12 09:43:51,,265.5
-4126-01-27 23:12:44,-34.34,
-4111-10-06 14:48:52,-35.03,
-4095-10-22 02:27:05,-34.92,
-4080-05-21 08:00:06,-34.97,
-4064-02-19 21:33:10,-34.55,
-4050-08-17 06:10:47,,266.7
-4049-06-27 08:46:43,-34.44,
-4034-09-19 00:06:26,-34.79,
-4020-04-03 09:12:44,-34.69,
-4005-07-29 21:27:50,-34.39,
-3990-09-11 08:33:10,-34.51,
-3985-11-30 22:05:44,,260.7
-3975-08-05 11:09:47,-34.9,
-3959-01-01 20:20:17,-34.94,
-3945-11-19 15:37:55,-34.3,
-3930-12-07 13:06:51,-34.96,
-3914-03-19 10:44:00,-33.92,
-3903-09-28 16:33:16,,265.5
-3899-03-12 18:36:31,-34.75,
-3883-02-04 03:01:54,-35.33,
-3869-07-18 21:01:34,-34.83,
-3853-01-24 10:26:26,-34.68,
-3838-11-26 20:54:53,-34.35,
-3823-11-19 04:47:24,-35.04,
-3808-05-23 20:44:00,,265.9
-3806-04-17 19:46:39,-34.67,
-3790-09-08 03:26:56,-35.09,
-3774-03-09 09:32:49,-34.71,
-3758-02-11 16:56:39,-34.76,
-3743-11-12 06:29:43,-34.84,
-3726-09-18 14:26:26,-33.98,
-3711-11-15 16:09:44,-34.83,
-3696-10-21 17:44:49,-34.94,
-3680-03-12 19:36:19,-34.49,
-3664-03-12 16:36:35,-34.4,
-3650-05-03 05:12:08,-34.97,
-3635-09-11 08:05:11,-34.4,
-3632-09-14 17:10:59,,267.6
-3621-04-29 14:06:52,-34.63,
-3606-06-15 16:51:42,-34.57,
-3591-04-17 21:31:24,-34.51,
-3584-09-17 23:51:15,,265.2
-3577-08-24 02:56:12,-34.76,
-3561-02-07 18:24:07,-34.51,
-3546-06-11 13:58:12,-34.42,
-3531-08-23 06:19:26,-34.33,
-3516-04-09 18:09:53,-35.07,
-3502-09-03 05:52:07,-34.65,
-3488-11-15 16:24:36,-34.63,
-3472-01-13 18:07:54,-34.66,
-3458-07-29 09:02:58,-35.27,
-3444-05-16 17:15:56,-35.16,
-3431-10-24 13:47:21,-35.72,
-3417-12-07 19:03:56,-35.4,
-3408-06-14 15:47:25,,265.3
-3403-10-17 01:13:50,-34.62,
-3389-12-04 22:09:54,-34.89,
-3374-08-13 07:57:17,-35.1,
-3362-10-28 22:31:43,,267.6
-3360-12-03 22:44:07,-34.88,
-3345-11-30 22:16:08,-35.18,
-3330-07-03 19:28:38,-35.04,
-3301-01-02 05:08:28,-34.6,
-3288-03-16 09:52:11,-34.56,
-3274-05-06 22:27:44,-34.99,
-3269-06-09 00:26:57,,269.8
-3260-04-21 17:12:31,-34.51,
-3246-10-21 17:29:37,-34.16,
-3231-05-06 08:24:41,-34.74,
-3218-12-11 15:27:54,-33.59,
-3203-04-17 20:52:42,-34.78,
-3189-05-02 20:53:23,-35.11,
-3176-12-18 02:55:04,-34.22,
-3161-07-18 08:28:04,-34.35,
-3148-09-17 14:13:19,-34.73,
-3137-03-19 15:15:22,,268.6
-3134-06-11 08:49:53,-35.24,
-3120-02-29 11:46:57,-35.18,
-3105-04-21 06:11:17,-34.57,
-3092-04-25 01:24:44,-34.21,
-3079-05-09 19:36:38,-34.52,
-3066-11-30 12:01:55,-35.04,
-3051-05-05 22:42:36,-34.31,
-3038-07-03 12:48:22,-35.09,
-3032-06-03 18:25:04,,269.3
-3024-09-24 22:19:19,-34.71,
-3010-10-31 20:16:55,-34.66,
-2997-09-15 12:17:32,-34.9,
-2984-09-25 14:49:58,-33.96,
-2972-10-21 02:11:34,,270.7
-2971-11-23 04:55:44,-34.82,
-2957-03-20 05:33:18,-34.52,
-2944-04-24 21:42:08,-34.67,
-2931-10-28 07:49:58,-34.76,
-2917-01-31 10:30:36,-33.68,
-2905-12-11 10:51:44,-34.53,
-2891-04-22 02:07:15,-35.24,
-2879-11-05 05:24:47,-34.97,
-2865-04-04 02:57:44,-34.91,
-2852-03-16 00:14:16,-34.61,
-2839-07-14 16:31:19,-34.73,
-2825-11-16 06:16:37,-35.64,
-2823-01-01 23:38:44,,271.5
-2812-08-23 09:42:22,-35.16,
-2798-08-27 10:44:35,-35.32,
-2784-01-02 10:20:37,-35.43,
-2772-11-04 03:22:46,-34.61,
-2759-05-12 23:21:19,-34.68,
-2745-09-10 21:27:09,-34.95,
-2732-06-10 17:33:55,-34.6,
-2720-03-04 00:32:57,-34.57,
-2707-08-19 04:23:20,-36.16,
-2698-07-18 11:46:51,,269.8
-2694-07-22 02:41:24,-36.09,
-2681-04-29 06:07:08,-34.67,
-2668-11-11 15:13:26,-35.11,
-2654-02-07 10:35:06,-35.52,
-2643-03-08 07:47:26,,269.1
-2641-03-08 19:24:58,-34.9,
-2629-10-06 13:20:27,-34.33,
-2616-12-03 03:26:12,-34.58,
-2602-02-10 16:30:26,-35.11,
-2589-08-09 19:19:17,-34.87,
-2576-09-25 10:26:35,-34.89,
-2563-02-14 18:51:48,-34.53,
-2550-07-18 08:04:15,-35.24,
-2545-08-24 01:42:57,,271.1
-2537-11-05 01:22:50,-34.75,
-2524-10-13 06:59:52,-34.88,
-2511-09-14 05:17:56,-35.76,
-2499-12-19 02:09:48,-34.52,
-2486-07-11 12:46:19,-34.49,
-2473-05-17 21:27:57,-35.26,
-2461-10-18 04:51:38,-34.79,
-2447-01-23 23:11:46,-34.74,
-2435-10-10 04:40:35,-35.41,
-2422-08-23 20:41:12,-34.56,
-2410-12-11 08:11:02,-35.79,
-2396-05-31 03:40:55,-35.49,
-2393-03-08 20:59:00,,271.5
-2384-09-03 00:32:47,-34.59,
-2371-11-11 13:37:01,-34.86,
-2358-08-23 08:42:15,-34.69,
-2346-09-06 21:05:23,-35.0,
-2333-05-27 18:13:42,-34.54,
-2326-12-03 09:08:25,,272.8
-2321-07-14 03:32:14,-34.24,
-2308-08-15 04:01:35,-34.18,
-2294-04-07 01:42:45,-35.02,
-2282-05-09 20:23:20,-34.93,
-2270-10-02 20:28:02,-34.68,
-2257-05-24 12:20:27,-34.7,
-2256-02-29 18:01:00,,271.6
-2245-11-08 10:22:04,-34.46,
-2232-03-07 20:50:21,-34.76,
-2220-09-28 07:26:52,-34.53,
-2208-06-25 06:05:23,-35.02,
-2195-01-02 02:03:56,-34.79,
-2183-10-24 20:07:38,-34.4,
-2169-01-16 23:49:48,-34.96,
-2159-05-02 08:02:36,,271.7
-2156-02-08 01:20:41,-33.81,
-2144-04-06 09:37:41,-34.78,
-2131-05-13 01:46:32,-35.35,
-2118-05-24 04:18:57,-34.36,
-2105-01-23 19:09:49,-34.63,
-2093-06-12 11:55:33,-35.06,
-2081-10-18 05:42:48,-35.18,
-2067-04-28 23:09:37,-34.54,
-2055-07-21 21:03:02,-34.24,
-2043-09-18 05:20:01,-34.61,
-2030-07-29 05:41:09,-34.61,
-2019-01-19 23:24:14,,274.9
-2018-12-11 06:47:24,-34.68,
-2004-06-14 16:55:14,-34.92,
-1992-11-18 15:58:24,-35.16,
-1980-10-20 08:27:41,-35.21,
-1967-09-10 07:47:17,-34.99,
-1954-01-23 08:53:31,-34.37,
-1942-05-27 11:01:18,-35.01,
-1929-02-21 15:28:35,-35.36,
-1917-03-08 03:51:43,-34.78,
-1907-10-30 23:46:05,,275.4
-1906-10-27 13:55:22,-34.92,
-1893-02-04 02:26:43,-35.48,
-1881-06-11 20:13:59,-34.33,
-1869-11-30 09:55:06,-35.22,
-1857-02-22 01:59:45,,271.5
-1856-01-31 09:51:35,-34.93,
-1844-02-18 13:54:13,-35.05,
-1833-04-28 15:20:55,-34.41,
-1821-07-25 04:53:49,-35.05,
-1809-10-20 18:26:43,-34.24,
-1797-08-16 22:21:08,-34.64,
-1785-07-04 00:12:28,-35.11,
-1773-12-07 23:15:38,-34.91,
-1761-12-22 11:38:47,-34.88,
-1748-03-04 10:33:44,-34.87,
-1744-08-04 19:27:17,,273.0
-1737-04-14 06:44:31,-34.56,
-1726-05-31 10:14:18,-34.84,
-1714-01-27 03:36:54,-34.65,
-1702-12-10 19:37:32,-34.07,
-1695-07-18 09:59:23,,273.4
-1690-09-15 01:35:01,-35.1,
-1678-09-07 16:01:14,-34.28,
-1666-09-22 04:24:23,-34.63,
-1653-12-22 15:25:32,-34.73,
-1641-06-11 23:17:53,-34.18,
-1629-01-02 04:05:37,-34.69,
-1619-11-22 15:47:41,-34.68,
-1606-03-12 03:17:31,-35.14,
-1594-01-12 14:30:54,-35.25,
-1582-06-25 20:53:03,-34.4,
-1579-09-17 14:27:34,,275.0
-1570-07-06 17:36:42,-34.65,
-1559-08-08 06:28:31,-34.34,
-1547-07-02 15:38:50,-34.16,
-1535-09-17 06:13:16,-34.23,
-1523-02-02 17:10:14,-34.91,
-1511-04-27 15:03:39,-34.44,
-1499-08-05 03:35:00,-34.9,
-1482-11-19 04:29:11,,274.0
-1463-10-24 05:19:19,-35.32,
-1450-02-14 08:28:38,-35.0,
-1438-03-08 04:10:45,-35.01,
-1427-06-07 03:34:22,-35.2,
-1415-08-15 10:49:50,-35.24,
-1404-12-13 15:29:21,-35.03,
-1391-04-21 09:16:37,-34.76,
-1380-08-08 14:57:41,-34.33,
-1368-02-26 04:05:56,-34.55,
-1356-07-06 13:32:41,-34.5,
-1344-08-26 14:30:42,-33.7,
-1334-05-05 19:14:15,,273.1
-1333-07-25 09:31:44,-34.09,
-1321-05-16 21:46:40,-34.46,
-1310-12-14 09:53:23,-34.61,
-1306-04-10 00:23:17,,276.3
-1298-08-13 03:16:00,-34.54,
-1287-04-17 22:08:49,-34.36,
-1275-04-28 18:52:29,-34.54,
-1261-01-27 20:48:01,-34.42,
-1250-11-12 01:43:58,-34.74,
-1239-07-03 05:58:51,-34.78,
-1229-06-08 02:30:05,-34.82,
-1218-07-21 14:20:22,-34.29,
-1206-06-18 15:10:11,-34.2,
-1195-11-07 17:46:37,-33.86,
-1182-02-10 14:38:30,-34.78,
-1171-10-31 05:58:02,-35.35,
-1159-01-01 00:05:45,-34.81,
-1146-05-27 05:59:14,-34.82,
-1133-01-30 12:29:35,-34.5,
-1121-08-04 16:48:39,-34.26,
-1109-09-10 03:08:43,-34.85,
-1107-05-26 16:41:07,,274.6
-1098-11-04 13:57:28,-34.95,
-1087-11-18 20:31:51,-34.84,
-1076-07-24 15:24:40,-34.44,
-1065-06-11 11:27:15,-35.08,
-1054-01-01 10:26:13,-34.73,
-1043-01-01 02:22:39,-34.93,
-1033-03-11 22:00:34,-35.14,
-1022-10-09 10:07:17,-35.54,
-1011-10-09 02:03:43,-34.88,
-999-03-08 11:59:08,,276.3
-999-05-31 12:07:21,-34.72,
-988-03-15 11:14:32,-34.6,
-978-12-14 19:43:47,-34.32,
-967-07-03 03:03:16,-35.12,
-957-10-24 18:35:02,-34.07,
-955-06-14 18:31:01,,274.7
-946-12-10 22:04:48,-34.7,
-934-03-22 20:26:53,-35.43,
-924-09-28 04:47:55,-34.58,
-913-07-03 04:56:38,-34.47,
-902-05-27 08:18:11,-34.37,
-891-05-17 01:16:09,-34.65,
-880-06-22 05:47:28,-34.44,
-869-04-03 13:15:10,-34.92,
-859-04-21 05:40:16,-34.05,
-852-03-30 00:24:42,,275.3
-849-09-29 08:45:23,-34.96,
-839-11-11 14:46:54,-35.15,
-828-03-11 13:37:39,-34.52,
-817-04-06 19:10:30,-35.16,
-807-11-11 08:47:25,-34.88,
-796-06-25 05:43:19,-35.54,
-785-09-06 22:49:30,-34.85,
-772-06-21 09:34:13,-33.95,
-760-08-22 09:30:42,-34.05,
-759-07-09 19:25:37,,278.9
-750-10-31 05:08:38,-35.01,
-739-10-19 22:06:36,-34.39,
-727-04-20 04:57:24,-35.18,
-717-06-14 09:57:23,-34.97,
-706-10-01 15:38:26,-35.35,
-695-08-26 19:00:00,-34.54,
-685-12-18 10:31:46,-34.79,
-679-12-25 04:43:21,,273.9
-674-08-12 06:26:08,-35.13,
-663-03-29 19:01:31,-35.13,
-653-07-10 11:34:50,-34.88,
-642-02-10 09:32:16,-34.56,
-632-08-07 18:54:50,-35.33,
-620-01-19 19:28:12,-34.63,
-610-07-17 04:50:46,-34.54,
-599-07-21 12:26:41,-34.33,
-587-04-24 18:24:10,-34.48,
-577-11-19 09:02:38,,277.9
-576-01-02 04:56:29,-35.12,
-566-11-15 09:19:34,-34.17,
-555-06-21 22:56:29,-35.1,
-543-11-07 15:42:13,-34.82,
-533-12-03 15:26:17,-34.75,
-522-02-06 19:24:44,-34.42,
-512-07-02 07:51:54,-34.51,
-501-06-03 18:32:26,-35.61,
-490-05-02 13:33:28,-35.4,
-479-01-01 16:46:48,-34.62,
-470-12-07 13:18:03,-34.99,
-465-09-07 10:54:42,,277.6
-459-11-26 06:16:01,-34.97,
-448-05-16 08:19:36,-34.55,
-438-05-24 01:46:14,-34.61,
-428-07-20 22:25:42,-34.24,
-418-06-03 21:00:02,-33.77,
-408-12-06 13:41:34,-34.14,
-397-10-20 18:04:39,-34.79,
-376-02-29 02:01:32,-34.88,
-366-04-09 16:23:33,-35.13,
-356-11-21 13:19:27,-34.34,
-345-01-19 09:58:55,-34.55,
-335-01-18 20:06:35,-34.95,
-325-02-06 12:31:41,-35.26,
-316-06-13 12:52:39,,276.7
-315-06-13 18:41:25,-35.28,
-304-01-01 02:00:54,-35.18,
-295-11-07 17:16:15,-34.43,
-285-10-06 06:28:31,,276.7
-285-11-04 11:44:25,-34.8,
-274-01-01 08:23:53,-34.08,
-265-09-14 04:46:55,-34.59,
-254-03-29 20:26:55,-34.84,
-245-10-05 22:59:10,-34.5,
-235-10-30 22:43:15,-34.91,
-224-03-03 13:13:29,-34.42,
-214-05-12 08:51:25,-34.96,
-204-06-13 15:54:28,-34.84,
-194-08-16 04:13:25,-35.16,
-183-06-11 02:19:04,-35.13,
-171-02-21 10:19:38,-35.04,
-161-09-25 08:17:04,-34.41,
-151-07-28 07:52:56,-33.93,
-144-08-22 14:10:42,,276.9
-140-03-11 04:48:50,-34.36,
-130-04-20 19:10:51,-34.51,
-120-03-07 09:24:40,-34.8,
-111-11-03 15:09:45,-33.58,
-101-07-02 20:54:50,-34.5,
-90-04-03 05:24:04,-34.19,
-81-10-28 14:13:45,-35.06,
-69-04-28 21:04:34,-34.48,
-58-04-17 14:02:32,-34.81,
-50-04-17 12:32:40,,278.0
-47-05-20 02:54:21,-35.13,
-38-04-02 19:39:55,-34.19,
-19-10-31 06:16:45,-33.98,
-9-09-14 04:51:04,-34.8,
0-12-31 22:54:36,,276.7
1-05-08 18:56:40,-34.37,
11-01-01 09:02:16,-34.98,
20-10-19 18:00:10,-34.53,
29-12-31 23:28:49,,277.9
30-06-21 15:24:44,-35.17,
39-11-25 21:01:36,-34.68,
48-08-03 19:56:23,-35.63,
56-01-01 06:36:45,,277.4
58-10-27 06:12:16,-34.68,
67-03-04 00:44:28,-33.93,
76-11-21 04:26:28,-34.44,
86-02-02 09:55:07,-34.67,
96-10-19 03:46:24,-35.21,
104-01-01 21:37:31,,277.5
106-12-10 17:06:54,-34.98,
117-03-04 03:22:46,-34.47,
127-02-10 15:33:31,-34.45,
136-01-01 15:38:03,,278.1
136-03-03 17:49:20,-35.08,
145-06-10 12:54:24,-34.92,
153-07-13 08:19:55,,278.07
156-02-10 16:07:44,-34.97,
165-05-30 10:11:16,-35.07,
174-07-13 10:24:00,,277.56
176-07-01 23:03:05,-35.9,
187-12-13 23:36:27,-35.01,
198-12-31 21:50:19,-34.8,
208-09-28 08:51:18,-35.02,
218-12-14 11:48:12,-35.04,
229-05-12 15:54:52,-35.22,
239-05-16 17:42:01,-35.11,
240-08-07 23:39:00,,280.25
249-03-18 17:17:52,-34.67,
259-08-23 04:43:30,-35.14,
266-02-06 15:52:32,,278.31
270-06-14 11:09:40,-34.5,
274-06-10 18:45:15,,280.24
279-09-17 14:35:14,-34.04,
289-04-20 06:43:54,-34.5,
295-08-08 07:21:08,,280.91
299-09-24 18:09:32,-34.58,
310-07-28 23:34:10,-34.62,
317-07-21 08:56:33,,281.69
319-12-14 22:53:36,-34.7,
330-03-08 09:09:28,-35.05,
338-11-29 22:42:12,-34.87,
349-07-02 20:39:38,-34.74,
357-05-01 16:58:29,,277.8
360-03-18 14:30:55,-34.81,
369-08-15 12:48:49,-34.95,
384-03-25 17:20:17,,277.25
388-03-22 00:55:52,-34.8,
406-05-12 12:46:29,,279.13
408-02-07 01:17:20,-35.22,
417-06-10 09:58:49,-34.09,
427-10-23 23:27:31,-34.28,
436-09-23 22:30:31,-34.1,
436-12-09 15:19:45,,280.0
447-03-15 00:34:06,-35.21,
456-09-12 19:47:23,-34.89,
465-10-08 13:42:41,-33.99,
474-12-02 12:53:54,-35.27,
483-05-30 10:38:55,-34.54,
488-02-17 09:17:06,,277.11
493-05-15 06:08:38,-35.13,
503-06-14 21:32:12,-34.82,
514-01-15 19:29:38,-35.16,
517-12-17 13:28:48,,276.79
523-11-07 20:07:02,-34.18,
534-04-27 22:10:37,-35.1,
543-06-18 05:42:20,-34.81,
551-08-15 14:44:16,,276.56
557-06-21 06:44:33,,278.46
582-05-30 10:06:47,,276.2
614-07-10 08:21:40,,277.87
624-03-18 13:05:13,-34.77,
633-01-01 00:34:52,-35.01,
636-12-31 23:49:56,,279.59
641-06-07 00:22:58,-35.1,
651-07-17 14:45:00,-35.16,
659-11-07 18:39:14,-34.57,
668-11-21 13:36:05,-35.36,
669-03-07 11:41:14,,278.45
677-08-07 19:49:50,-34.97,
685-10-30 18:28:11,-34.77,
694-06-06 20:27:35,-35.54,
701-04-02 19:18:10,,277.1
703-03-30 15:16:12,-35.49,
712-11-25 21:01:17,-34.88,
722-08-05 01:44:50,-35.39,
730-06-07 13:43:10,,279.99
731-11-19 04:08:52,-35.56,
740-06-06 23:50:49,-34.93,
748-09-06 05:48:09,-34.6,
756-09-13 11:37:15,-34.61,
762-04-20 20:10:20,,279.29
765-11-29 08:45:23,-35.22,
774-07-13 18:03:45,-35.09,
783-08-15 19:18:02,-35.59,
791-10-27 18:57:55,-34.37,
793-02-06 07:12:20,,279.72
800-02-25 06:11:09,-34.86,
809-09-16 23:21:21,-35.27,
817-09-05 22:53:01,-35.59,
822-05-01 07:54:47,,278.62
825-09-24 03:40:35,-35.4,
834-12-10 00:48:43,-34.34,
843-08-22 15:22:59,-35.49,
851-10-27 07:43:54,-35.12,
859-11-14 12:31:28,-36.17,
869-02-23 23:16:01,-35.08,
875-05-30 09:15:17,,279.42
878-02-24 03:34:55,-35.13,
886-04-30 19:55:49,-35.24,
895-03-03 13:42:55,-34.73,
903-09-06 18:46:55,-35.4,
913-02-28 06:41:13,-34.57,
914-02-17 13:31:31,,280.11
922-05-23 11:08:20,-35.35,
930-12-06 15:10:48,-34.63,
939-06-14 11:54:17,-34.08,
948-02-14 03:30:05,-34.6,
956-09-01 23:12:02,-34.05,
957-08-25 21:41:50,,277.41
965-09-02 03:30:56,-35.53,
974-02-09 18:58:31,-34.02,
982-04-05 12:20:58,-34.48,
982-08-25 23:00:59,,278.74
992-03-21 07:50:41,-34.26,
1000-05-01 10:35:10,-34.78,
1008-12-17 11:33:01,-34.85,
1017-07-31 20:51:23,,279.8
1017-08-15 11:29:20,-34.55,
1019-04-10 03:04:48,,280.06
1025-01-19 05:28:40,-34.57,
1034-12-17 18:40:57,-35.54,
1040-01-30 19:38:38,,280.92
1043-03-19 00:38:16,-35.03,
1049-03-07 12:32:24,,280.97
1051-09-10 06:43:48,-34.88,
1060-04-09 01:24:13,-35.2,
1067-07-28 07:50:13,-34.82,
1070-03-14 21:55:28,,282.84
1077-11-25 06:40:58,-35.01,
1087-07-09 21:48:06,-34.67,
1095-07-02 12:59:15,-35.12,
1099-05-30 15:18:56,,283.09
1104-02-25 21:16:05,-34.56,
1112-06-21 16:49:49,-35.23,
1115-08-12 13:28:57,,282.84
1121-01-01 05:12:48,-34.49,
1130-01-16 00:09:38,-34.27,
1137-12-17 17:23:52,-34.57,
1146-03-22 15:00:41,-34.51,
1146-04-17 04:37:05,,284.51
1155-03-22 19:19:34,-35.6,
1163-06-14 17:57:55,-35.6,
1165-12-24 19:28:18,,283.97
1173-04-16 17:33:47,-35.35,
1182-09-13 15:51:40,-35.12,
1191-08-26 13:53:08,-34.97,
1199-10-23 22:55:04,,284.54
1201-02-09 18:28:27,-35.36,
1210-12-13 18:04:19,,283.69
1211-04-09 15:07:55,-34.14,
1219-11-22 00:26:17,-34.67,
1229-12-31 14:48:19,-34.87,
1238-11-25 06:32:20,-35.75,
1247-04-05 16:44:01,-35.05,
1251-04-09 07:38:34,,282.41
1256-10-26 09:54:13,-34.46,
1259-07-05 21:56:24,,282.2
1265-09-01 19:20:48,-35.6,
1274-05-15 09:55:04,-34.95,
1278-03-14 06:58:51,,278.43
1283-01-29 16:08:50,-34.07,
1291-07-02 00:17:26,-35.49,
1300-07-02 04:36:20,-34.89,
1307-06-14 15:00:16,,281.58
1309-05-01 06:43:56,-34.99,
1317-09-02 09:36:39,-34.99,
1326-09-02 13:55:33,-35.11,
1330-02-13 15:58:47,,284.07
1335-05-01 13:51:52,-35.36,
1343-09-02 16:44:34,-35.26,
1348-11-06 15:39:11,,278.36
1352-04-30 16:40:53,-35.1,
1360-12-31 08:16:41,-35.99,
1368-12-31 06:46:49,-35.28,
1377-04-30 18:00:03,-34.75,
1385-12-31 09:35:51,-35.22,
1390-04-30 21:34:00,,280.91
1393-07-01 17:11:36,-35.28,
1402-01-01 06:36:06,-34.62,
1410-09-02 22:11:55,-34.38,
1410-11-11 07:42:11,,279.7
1419-01-01 09:25:08,-34.84,
1427-01-01 07:55:16,-34.62,
1428-10-19 18:23:03,,279.73
1434-09-02 17:42:18,-35.28,
1443-07-02 19:49:54,-34.93,
1449-02-28 02:19:55,,282.23
1452-01-01 09:14:25,-35.25,
1460-04-30 20:27:39,-34.57,
1469-05-26 14:22:57,,280.31
1469-12-31 17:52:13,-35.08,
1479-10-01 20:32:41,-35.59,
1488-09-01 19:35:41,-35.68,
1496-12-31 06:48:54,-34.71,
1501-07-13 19:56:49,,283.12
1504-09-02 16:35:56,-34.88,
1512-09-02 15:06:04,-35.05,
1522-07-02 23:02:26,-35.81,
1529-09-06 09:34:35,,283.95
1530-09-02 23:43:52,-35.14,
1538-09-02 22:13:59,-34.5,
1546-07-02 18:32:50,-35.23,
1549-08-26 06:51:27,,283.53
1554-09-02 19:14:15,-34.83,
1559-11-11 09:48:21,,281.83
1564-01-01 12:16:14,-34.75,
1572-12-31 16:35:08,-36.1,
1573-01-04 08:14:37,,282.57
1580-12-31 15:05:16,-34.9,
1588-03-07 01:37:24,,281.11
1588-09-02 00:52:18,-35.29,
1590-12-28 09:33:26,,279.36
1596-12-31 12:05:31,-35.23,
1603-06-03 08:36:36,,275.07
1604-09-01 21:52:34,-34.89,
1609-06-17 10:07:09,,271.11
1613-09-02 02:11:27,-35.26,
1621-04-30 20:19:00,-34.33,
1628-08-07 03:46:32,,273.78
1629-09-01 23:11:43,-35.29,
1636-09-01 15:53:05,-34.88,
1639-10-23 12:32:12,,276.69
1644-12-31 03:06:18,-36.22,
1649-02-05 14:56:15,,278.02
1652-07-01 10:42:03,-34.72,
1659-12-31 18:17:48,-34.82,
1668-09-01 09:53:36,-34.81,
1676-10-18 19:57:04,-34.66,
1681-11-20 21:56:17,,276.66
1683-11-28 16:52:48,-35.17,
1689-09-27 01:34:06,,276.32
1691-03-21 14:58:17,-35.09,
1694-01-25 13:32:16,,277.36
1698-07-08 21:24:16,-35.89,
1706-09-28 04:23:08,-35.31,
1714-11-03 15:28:08,-35.15,
1722-10-09 00:21:51,-35.94,
1722-11-10 21:17:15,,278.27
1723-01-04 16:09:34,,277.01
1730-02-28 03:43:14,-34.35,
1733-11-14 04:53:10,,278.31
1737-04-19 23:37:26,-35.62,
1741-04-05 08:14:33,,276.81
1745-09-20 07:46:02,-35.16,
1749-02-13 03:31:51,,277.6
1751-12-06 11:27:53,,276.46
1752-02-17 12:37:38,,278.0
1752-09-27 07:46:23,-35.09,
1759-10-08 23:26:12,-36.12,
1762-11-17 21:06:52,,277.16
1763-09-13 09:04:51,,276.4
1768-02-28 08:36:21,-35.05,
1773-06-17 03:24:49,,277.86
1775-07-27 19:16:43,-34.52,
1779-06-28 13:15:53,,280.24
1780-04-19 09:34:23,,273.07
1783-10-16 02:15:34,-35.5,
1790-08-25 15:44:06,-34.59,
1794-02-05 17:47:21,,281.62
1795-12-09 18:53:05,,282.3
1796-06-20 08:45:56,,280.4
1797-07-27 03:09:34,-35.22,
1799-05-04 14:38:53,,282.8
1804-12-09 23:11:59,-34.66,
1811-06-07 09:19:28,-35.44,
1813-08-29 21:05:13,,284.43
1819-07-21 03:43:27,-34.87,
1824-09-27 18:17:33,,281.36
1826-09-24 14:15:36,-34.93,
1826-12-02 23:45:52,,285.91
1832-03-03 12:16:53,-35.07,
1832-11-14 04:21:01,,285.09
1833-03-07 09:45:08,,283.82
1836-09-13 01:24:48,,284.15
1839-01-30 08:02:51,-35.62,
1840-10-30 12:13:12,,283.65
1843-04-17 00:07:10,,281.58
1844-06-17 08:07:13,,283.53
1844-08-25 17:37:29,,283.18
1845-11-25 06:53:27,,283.62
1846-08-04 07:18:05,-35.37,
1847-04-27 22:20:41,,286.84
1850-04-05 17:50:04,,284.0
1850-10-30 22:20:52,,288.79
1851-02-10 04:46:31,,285.47
1853-03-03 14:20:58,-34.61,
1853-09-16 19:53:18,,288.05
1854-09-20 17:21:34,,285.57
1856-08-14 16:24:13,,283.16
1858-11-03 12:30:29,,286.63
1859-05-12 10:43:50,-35.8,
1861-10-30 14:17:17,,287.17
1862-12-24 14:58:22,,285.35
1864-02-17 15:39:27,,286.65
1865-11-25 03:08:46,-35.35,
1866-09-27 22:25:44,,285.05
1867-09-24 12:35:01,,287.99
1868-05-29 21:20:10,,289.54
1869-08-29 10:36:08,,287.99
1870-01-15 05:36:40,,286.33
1872-09-05 11:21:24,-34.31,
1872-10-30 06:13:43,,286.66
1873-09-27 15:07:06,,291.56
1876-11-28 10:44:41,,289.33
1878-09-05 22:14:00,-34.34,
1879-12-13 18:48:56,,287.77
1882-12-02 13:16:46,,292.46
1883-10-16 07:32:12,,289.76
1884-03-06 18:12:13,,289.23
1884-11-24 17:35:20,-35.27,
1885-08-07 09:39:28,,288.12
1887-05-23 04:27:45,,294.34
1889-01-03 21:04:45,,292.34
1889-11-13 23:40:42,,290.92
1890-09-09 11:38:41,-34.96,
1892-05-22 09:31:35,,295.17
1892-11-17 08:46:29,,294.86
1893-01-22 02:37:16,,295.32
1893-08-29 06:06:31,,293.17
1893-10-04 18:41:24,,293.81
1896-07-23 10:57:56,-35.25,
1898-08-29 11:10:21,,295.28
1898-12-09 17:36:00,,297.05
1900-03-07 15:12:28,,294.22
1901-09-13 19:14:36,,295.61
1903-04-28 11:51:36,-34.94,
1903-11-29 23:41:22,,295.99
1905-05-08 22:27:36,,299.02
1905-07-17 07:57:52,,297.33
1905-10-09 08:06:05,,299.63
1908-07-09 18:05:11,,301.5
1909-09-24 16:43:12,-34.55,
1909-10-05 15:41:39,,297.87
1910-09-21 06:52:28,,298.11
1911-02-07 01:53:00,,297.73
1911-04-17 11:23:16,,299.26
1912-07-09 17:20:15,,301.3
1914-05-23 17:24:27,,300.7
1915-02-14 08:27:03,-35.98,
1915-10-17 01:32:43,,301.92
1917-11-14 18:26:09,,303.85
1918-09-02 23:05:10,,304.61
1919-09-17 19:31:53,,301.88
1921-01-11 22:24:15,-35.7,
1922-07-06 11:48:25,,303.18
1922-11-04 00:31:31,,306.2
1924-10-01 15:13:40,,304.72
1925-04-24 04:04:58,,304.97
1927-06-18 10:34:49,-36.39,
1927-10-20 14:57:24,,308.02
1928-02-29 02:38:57,,305.67
1928-07-16 21:39:29,,305.71
1928-09-27 22:49:14,,305.78
1929-05-23 08:35:56,,305.38
1930-10-31 07:22:10,,305.74
1932-04-16 13:27:21,,308.26
1932-07-16 20:54:33,,308.28
1932-10-05 05:23:17,-34.01,
1932-10-12 12:42:15,,305.94
1933-08-04 09:00:45,,307.08
1933-11-18 07:05:54,,309.63
1935-01-23 06:45:26,,306.32
1935-09-17 16:32:08,,307.26
1935-11-15 03:03:56,,309.34
1936-11-10 17:13:13,,307.41
1937-10-09 02:06:36,,312.33
1937-11-14 14:41:28,,311.52
1938-02-17 13:48:09,,311.94
1938-02-28 12:46:37,,308.48
1938-03-18 19:04:03,-34.13,
1938-12-21 09:05:07,,310.46
1939-03-22 16:32:18,,311.21
1939-08-04 19:53:21,,310.95
1939-12-21 14:53:53,,309.8
1940-10-01 12:13:55,,307.74
1940-11-03 09:09:19,,311.8
1941-10-12 17:01:09,,312.39
1942-01-15 16:07:50,,312.84
1942-03-18 18:19:07,,311.88
1942-12-14 01:01:12,-33.51,
1943-07-28 11:49:26,,312.36
1944-07-05 19:41:17,,310.22
1944-10-05 03:08:28,,311.28
1944-12-17 04:18:14,,310.44
1945-05-23 05:36:12,,311.81
1945-07-24 07:47:29,,311.97
1945-08-15 05:44:25,,312.56
1946-08-19 03:12:40,,312.87
1946-08-30 02:11:08,,310.36
1947-09-17 14:17:20,,311.57
1947-10-02 04:55:17,-34.71,
1948-10-08 18:03:02,,309.69
1949-09-02 11:16:55,,313.66
1950-04-02 07:27:11,,312.0
1952-05-19 06:38:03,,312.18
1953-01-22 15:23:13,-34.76,
1953-07-24 06:17:36,,312.22
1953-09-17 01:09:55,,312.8
1953-10-16 06:25:49,,313.17
1954-10-20 03:54:04,,314.71
1956-02-28 21:24:24,,315.34
1957-02-06 05:16:14,,314.44
1957-03-14 17:51:07,,316.33
1957-04-05 15:48:02,,315.27
1957-08-15 03:29:35,-35.71,
1957-11-14 10:56:47,,314.57
1958-02-06 11:05:00,,316.1
1958-07-24 11:21:26,,316.33
1959-02-03 01:14:17,,311.98
1960-04-23 15:31:46,,313.09
1960-07-27 14:38:27,,318.21
1961-09-20 15:19:32,,316.59
1962-04-27 18:48:48,,317.52
1962-05-27 00:04:42,,319.14
1962-05-30 15:44:11,-33.59,
1962-07-17 03:17:31,,317.45
1962-08-15 08:33:25,,318.61
1963-03-15 04:43:42,,319.07
1963-07-24 16:25:16,,319.12
1965-03-25 15:19:42,,319.89
1965-04-20 04:56:07,,319.2
1965-11-14 09:26:55,,320.98
1966-07-20 18:12:04,,322.17
1966-10-16 09:59:47,,320.49
1967-05-01 15:32:07,-34.2,
1968-07-16 14:10:07,,320.38
1968-10-23 04:56:17,,324.09
1968-12-24 07:07:34,,325.08
1969-06-03 00:05:02,,324.71
1970-03-22 04:44:03,,324.56
1970-08-22 14:22:32,,324.91
1970-08-29 21:41:30,,326.65
1970-11-14 14:30:45,,326.31
1971-10-31 05:41:34,-35.0,
1972-01-15 22:30:48,,330.35
1972-02-03 04:48:14,,328.42
1974-02-17 07:03:43,,331.55
1975-07-28 05:49:57,,332.37
1976-05-15 10:28:57,-34.67,
1976-09-02 00:13:35,,332.37
1976-10-19 11:46:56,,335.55
1979-02-21 03:47:02,,334.85
1980-01-30 11:38:53,-35.4,
1983-01-11 22:47:44,,339.46
1983-01-30 05:05:11,,341.33
1983-12-28 13:58:33,-35.9,
1984-12-02 06:10:55,,342.05
1985-10-05 01:27:52,,343.11
1986-02-20 20:28:24,,343.97
1986-08-15 04:03:49,,344.72
1986-11-18 03:10:29,-34.73,
1987-03-18 15:53:35,,345.44
1988-01-26 18:29:31,,347.6
1988-12-20 11:43:25,,349.28
1989-05-30 04:40:52,,349.8
1989-12-20 17:32:11,,350.81
1991-02-17 09:52:45,,352.42
1992-04-23 09:32:17,,353.72
1993-01-29 15:12:50,,353.95
1994-05-30 09:44:42,,357.11
1996-04-12 09:48:54,,359.65
1997-12-31 15:00:46,,361.78
2001-01-11 07:25:32,,368.02
